EmployeeID,Name,DeptID,JoinDate,Gender
1,Cindy Villa,7,2022-04-25,Female
2,James Gallagher,5,2023-10-12,Other
3,Randall Roberts,17,2023-05-09,Female
4,Corey Thompson DDS,18,2024-05-11,Male
5,Marcus Terry,3,2023-08-30,Male
6,Emily Becker,4,2024-10-13,Other
7,Tiffany Oneill,11,2025-05-16,Male
8,Angela Mckinney,13,2024-03-09,Male
9,Victoria May,5,2022-01-05,Male
10,Latoya Garner,13,2023-02-18,Female
11,Mr. Luis Brennan,5,2021-10-22,Male
12,Shannon Thompson,15,2021-09-17,Male
13,Sarah Norman,19,2023-02-05,Other
14,Sheri Jones,4,2025-05-24,Female
15,Keith Tran,20,2021-12-03,Male
16,Mary Stone,8,2023-09-19,Female
17,Patricia Bryant,7,2024-05-14,Male
18,Randy Wright,10,2021-12-31,Female
19,Jennifer Bennett,20,2023-10-28,Other
20,Christine Rice,12,2025-02-24,Other
21,Willie Martin,15,2024-03-11,Male
22,Charles Zimmerman,12,2022-08-12,Other
23,Caitlin Murphy,9,2023-07-19,Female
24,Richard Johnson,16,2023-02-23,Other
25,Brian Allen,10,2024-06-14,Male
26,James Mckinney,9,2023-07-15,Male
27,Michelle Morse,9,2022-07-31,Other
28,Michael Lopez,4,2021-07-02,Female
29,Carl Jacobs,12,2025-05-26,Other
30,Kyle Green,10,2022-04-01,Other
31,Richard Morales,19,2023-09-04,Male
32,Justin Patton,10,2025-03-08,Female
33,Madison Lucas,20,2025-06-04,Other
34,Kurt Ford,4,2024-01-11,Female
35,Brian Cooper,6,2024-04-17,Female
36,Stacey Lowe,17,2023-08-23,Male
37,Christopher Shepard,7,2023-09-12,Male
38,Mikayla Patton PhD,12,2025-09-26,Female
39,Casey Nguyen,6,2021-12-05,Other
40,Jonathan Hoover,6,2021-08-14,Male
41,Christopher Fields,15,2023-01-17,Female
42,Linda Lee,18,2025-11-09,Other
43,Mandy Gates,11,2024-03-30,Female
44,Elizabeth Randall,18,2021-08-23,Female
45,Joshua Briggs,19,2021-11-07,Other
46,Christopher Williams,18,2021-08-16,Male
47,Alyssa Davis,1,2023-01-24,Other
48,Barbara Frank,1,2022-05-16,Other
49,Christopher Johns,13,2021-10-12,Female
50,Aaron Mays,10,2022-01-02,Female
51,Lisa Phillips,19,2025-03-06,Other
52,Jordan Mason,12,2024-08-09,Other
53,Sabrina Clarke,5,2024-10-29,Male
54,Calvin Hays,2,2024-03-20,Male
55,Shawn Jenkins,5,2024-10-19,Male
56,Walter Cline,8,2024-11-02,Other
57,Donald Archer,12,2021-05-19,Male
58,Kristine Williams,8,2021-09-04,Other
59,Scott Briggs,10,2021-07-23,Other
60,Michael Russo,3,2024-10-12,Male
61,Michele Johnson,18,2022-10-10,Female
62,Stephanie James,11,2021-06-24,Female
63,Vanessa Sanders,1,2022-11-01,Female
64,Megan Hill,15,2024-05-07,Other
65,Samantha Allen,17,2025-03-19,Male
66,Vincent Vega,18,2023-04-13,Female
67,Misty Bender,8,2023-09-06,Female
68,Emily Morrison,18,2023-01-26,Female
69,Angela Adams,8,2023-12-31,Other
70,Kyle Cameron,9,2025-02-01,Other
71,Kristina Kelly,1,2025-01-11,Other
72,Johnny Woodward,6,2022-03-02,Female
73,Anna Ray,20,2024-01-18,Female
74,Julie Hughes,7,2025-03-28,Male
75,Michelle Price,5,2025-03-18,Other
76,Gregory Foster,5,2025-02-19,Female
77,Zachary Nguyen,5,2023-04-20,Male
78,Courtney Garcia,20,2025-06-27,Male
79,Christian Thompson,13,2024-07-18,Female
80,Raymond Jones,3,2024-07-15,Other
81,Keith Wise,6,2022-08-28,Male
82,David Elliott,17,2022-04-15,Male
83,Wendy Shepard,18,2025-05-03,Female
84,Matthew Hernandez,3,2024-12-29,Other
85,Jorge Arnold,10,2022-11-23,Other
86,Stacy Barajas,5,2021-12-29,Male
87,Victoria Ali,15,2025-06-05,Other
88,Patricia Reyes,5,2021-01-26,Other
89,Joshua Walker,16,2022-03-12,Male
90,Antonio Rivera,7,2023-07-25,Male
91,Sarah Wallace,20,2022-03-27,Male
92,William Ray,3,2021-02-15,Female
93,Chad Jones,12,2022-07-02,Other
94,Christine Anderson,10,2025-03-31,Other
95,Belinda Murray,16,2021-12-19,Female
96,Michael Lee,9,2021-04-17,Female
97,James Mason,20,2024-09-10,Other
98,Darren Sanchez,14,2024-04-27,Other
99,Allison Carter,16,2024-09-30,Female
100,Susan Williams,11,2025-02-07,Female
101,Thomas Cox,3,2021-07-10,Other
102,Mary Ramsey,1,2022-02-07,Male
103,Patrick Stewart,19,2022-12-10,Male
104,Joseph Nichols,15,2025-11-04,Other
105,Randall Alexander,3,2025-09-14,Other
106,Charles Spencer,9,2023-09-04,Other
107,Sandra Schmitt,12,2025-09-28,Female
108,Tina Gonzales,14,2025-09-11,Other
109,Courtney Stewart,17,2023-09-08,Other
110,Sara Bennett,2,2025-11-05,Male
111,Robert Davis,10,2022-08-20,Other
112,Maureen Sanchez,13,2023-02-17,Female
113,Deborah Bowers,1,2023-04-09,Female
114,Paul Peters,7,2022-05-02,Other
115,Lindsay Johnson,15,2023-05-23,Other
116,Tony Swanson,2,2022-01-11,Other
117,Kristi Booker,16,2023-03-26,Other
118,Christie Mitchell,17,2022-02-16,Other
119,Alexis Brandt,11,2024-02-04,Other
120,Michele Garcia,15,2023-01-03,Male
121,Ian Boyd,10,2023-11-17,Male
122,Christine Keller,14,2024-01-30,Other
123,Justin Brown,20,2024-11-02,Male
124,Kenneth Harris,8,2025-03-11,Male
125,Ashley Garza,19,2023-06-04,Female
126,Julie Santos,12,2021-08-04,Male
127,Dr. Ashlee Bridges DDS,16,2024-02-26,Other
128,Joshua Hernandez,17,2021-09-25,Other
129,Dustin Harris,3,2025-07-12,Male
130,Lindsey Weaver,1,2021-08-03,Other
131,Scott Newton,19,2025-06-20,Male
132,Lisa Schmidt,14,2021-12-14,Male
133,Grace Wilson,19,2022-09-09,Other
134,Jennifer Hernandez,20,2020-12-31,Other
135,David Krueger,20,2023-01-06,Male
136,Nathan Warren,4,2025-08-20,Other
137,Jason Coleman,5,2022-05-09,Other
138,Tanya Bryant,20,2025-07-31,Female
139,Natasha Fuentes,7,2022-03-03,Female
140,Brian Wong,13,2021-07-08,Male
141,Amy Taylor,9,2022-10-19,Other
142,Kevin Villarreal,6,2020-12-06,Other
143,Chelsea Ramirez,7,2023-11-03,Male
144,Heather Hoover,8,2023-03-02,Other
145,Daniel Brown,4,2025-08-09,Male
146,Mr. Christopher Briggs,15,2024-03-08,Male
147,Andres Porter,11,2021-09-11,Other
148,Victor Salinas,20,2022-07-04,Male
149,Linda Diaz,9,2022-05-30,Other
150,Jeffrey Parsons,4,2022-08-08,Other
151,Ronald Mcneil,2,2024-08-18,Female
152,Donald Andrews,1,2025-01-13,Other
153,Michael Shaw,14,2023-02-03,Other
154,Wendy Cruz,18,2022-07-28,Female
155,Marc Bray,17,2025-04-26,Other
156,James Gutierrez IV,5,2025-03-04,Male
157,Thomas Evans,15,2024-11-22,Other
158,Amanda Freeman,14,2024-06-18,Male
159,John Wilson,6,2021-08-31,Other
160,Joshua Jenkins,5,2025-11-03,Other
161,Brittany Simmons,20,2025-10-07,Other
162,Lori Knight,17,2025-11-20,Female
163,Andrea Bullock,10,2025-05-06,Male
164,Michael Reynolds,6,2023-06-19,Other
165,Melissa Jackson,7,2024-09-30,Female
166,Albert Bentley,20,2025-01-09,Female
167,Mr. John Gay,19,2025-10-01,Male
168,Allison Burnett,1,2021-11-13,Male
169,Jennifer Sims,13,2022-10-01,Female
170,Rhonda Harris,8,2025-01-11,Other
171,Timothy Rivera DDS,12,2022-12-24,Male
172,Alexandria Caldwell,15,2022-10-06,Female
173,Tina Bond,5,2024-01-14,Other
174,Jose Adams,18,2022-04-09,Other
175,Natasha Franklin,14,2022-11-27,Female
176,William Collins,5,2023-11-04,Female
177,Patricia Page,2,2025-01-31,Male
178,Justin House,3,2021-04-17,Other
179,Daniel Mcgee,20,2025-11-12,Other
180,Crystal Johnson,20,2025-01-26,Female
181,Gina Walters,10,2023-05-14,Other
182,Sarah Smith,8,2025-09-05,Male
183,Samantha Davenport,8,2021-01-27,Other
184,Hannah Miller,12,2024-06-09,Female
185,Dawn Grant,17,2023-04-25,Male
186,Kaitlyn Johnston,4,2022-01-27,Other
187,Samantha Harper,18,2025-03-09,Other
188,Jason Liu,17,2025-10-30,Male
189,Debra Johnson,15,2021-01-06,Female
190,Stacey Jackson,3,2021-02-14,Male
191,Bobby Cantu,15,2025-11-04,Male
192,Michael Parsons,17,2024-11-18,Female
193,Shannon Sullivan,13,2021-03-11,Female
194,James Rivera,8,2023-04-30,Female
195,Kathleen Peters,13,2024-02-25,Female
196,Kent Smith,2,2024-04-18,Other
197,Joshua Summers,10,2022-12-27,Other
198,William Phillips,10,2025-01-10,Female
199,Jessica Burke,19,2022-09-18,Other
200,Patrick Vaughan,6,2023-07-02,Male
201,Cynthia Garza,3,2023-03-30,Male
202,Victoria Rodriguez,17,2024-12-02,Male
203,Brian Johnson,13,2024-04-19,Other
204,Allison Ryan,19,2025-02-23,Male
205,Anna Pitts,17,2022-02-05,Female
206,Amy Roberts,6,2021-11-26,Male
207,Misty Rose,6,2022-10-13,Male
208,William Reilly,13,2020-12-19,Male
209,Lindsay Smith,15,2024-05-23,Male
210,Megan Johnson,15,2023-11-13,Female
211,Karen Lopez,14,2025-04-02,Female
212,Miss Wendy Dixon,5,2024-06-12,Male
213,Alec Wiggins,17,2023-12-09,Male
214,Steven Frazier,15,2022-09-30,Other
215,Tony Clark,17,2020-11-23,Male
216,Jessica Casey,19,2021-11-03,Male
217,Stephen Carpenter,14,2024-11-16,Other
218,Angela Ramos,2,2023-08-01,Male
219,Benjamin Mendez,2,2025-06-08,Other
220,Sean Edwards,13,2024-09-01,Other
221,Raymond Wilson,6,2022-08-18,Other
222,Angela Martin,13,2024-01-15,Male
223,Tammy Adams,14,2022-09-28,Other
224,Riley Williams,16,2023-07-01,Other
225,Andrew Wells,10,2024-05-19,Female
226,Steven Holland,12,2024-07-25,Male
227,Michael Jenkins,15,2024-07-22,Male
228,Lorraine Webster,3,2022-07-25,Male
229,Janet Chavez,16,2022-05-31,Female
230,Haley Townsend,2,2025-01-10,Female
231,Brian Mann,17,2023-07-26,Male
232,Heather Salazar,20,2024-12-05,Male
233,William West,12,2024-07-14,Female
234,Gabriela Owens,3,2023-07-19,Female
235,Daniel Rodriguez,6,2022-06-26,Female
236,Roy Walker,13,2024-04-01,Male
237,Mary Mcguire,16,2022-11-07,Male
238,Courtney Perez,15,2025-10-09,Male
239,Matthew Davila,19,2022-03-27,Male
240,Jeffrey Henderson,7,2023-06-08,Female
241,Adam Bell,3,2025-11-01,Female
242,Amber Johnson,12,2025-03-17,Other
243,Karen Banks,17,2024-05-31,Female
244,Kelly Smith,18,2022-07-13,Female
245,Benjamin Bell,6,2023-09-17,Other
246,Wendy Yoder,19,2023-11-23,Other
247,Patricia Snyder,19,2025-08-07,Other
248,Zachary Collins,3,2021-04-17,Other
249,Andrea Richards,2,2023-12-10,Other
250,John Carter,17,2021-10-05,Other
251,Anthony Robinson,1,2025-02-08,Male
252,Ruben Collins,1,2024-05-12,Female
253,Crystal Carter,7,2023-12-26,Female
254,Justin Mueller,3,2025-11-11,Female
255,Rebecca Adams,5,2025-06-19,Male
256,Wendy Robbins,8,2024-09-15,Female
257,Alyssa Yoder,17,2023-05-05,Other
258,Grant Cruz,12,2024-01-13,Female
259,Tina Blake,8,2025-05-03,Female
260,Billy Valenzuela,16,2021-08-19,Male
261,Christopher Garza,20,2021-09-18,Other
262,Alex Warner,8,2022-11-09,Female
263,Christopher Brady,13,2022-11-10,Other
264,Pamela Huff,15,2023-08-17,Female
265,Mr. Richard Wilson,17,2022-06-17,Male
266,Ms. Sharon Phillips MD,16,2021-07-21,Female
267,Destiny Watson,16,2023-05-17,Male
268,Donald Wolfe,16,2021-11-11,Male
269,Scott West,10,2023-05-02,Other
270,Regina Cain,19,2024-06-01,Male
271,Jacob Smith,11,2023-05-23,Other
272,Jessica Benson PhD,14,2022-08-24,Other
273,Jamie Henry,1,2022-01-26,Female
274,Leslie Hunter,14,2023-02-16,Other
275,Nathan Frazier,16,2022-02-12,Female
276,Regina Gordon,20,2021-11-08,Male
277,Carol Fernandez,15,2025-06-10,Other
278,Selena Cole,10,2024-06-12,Female
279,Gabrielle Price,10,2024-02-19,Female
280,Angela Rodriguez,17,2021-01-31,Other
281,Carlos Ellison,1,2021-05-02,Male
282,Darius Joyce,19,2024-07-18,Male
283,Joshua Friedman MD,13,2024-11-15,Other
284,Gary Franco,15,2025-04-09,Other
285,Stephen Elliott,14,2022-03-28,Male
286,Joshua Mcdonald,16,2025-01-11,Other
287,Nancy Woodward,17,2022-05-26,Other
288,Kelsey Bell,7,2024-06-27,Male
289,Larry Torres,20,2023-03-22,Other
290,Brian Hughes,10,2020-12-12,Other
291,Eric Fitzpatrick,11,2023-11-02,Other
292,Trevor Delgado,18,2022-01-16,Other
293,Timothy Brooks,18,2024-03-27,Male
294,Joseph Berry,16,2021-04-21,Other
295,Lori Stevens,16,2025-02-11,Other
296,Jessica Washington,20,2022-05-12,Female
297,Amanda Mccann,19,2021-08-05,Male
298,Melanie Castro,2,2022-01-28,Male
299,Diane Williams,5,2024-04-22,Male
300,Mark Kim,18,2021-12-16,Female
301,Steven Phillips,13,2025-09-06,Female
302,Lance Hall,13,2025-06-15,Male
303,Brandon Soto,20,2024-07-14,Male
304,Samantha Barton,6,2023-11-18,Female
305,Rachael Lee,3,2025-04-10,Male
306,Anthony Nunez,11,2021-10-14,Female
307,Lynn Griffin,8,2024-01-06,Female
308,Rachel Melendez,20,2024-05-02,Male
309,Matthew Sandoval,12,2023-12-12,Other
310,Rachel Carrillo,6,2023-03-28,Other
311,Hayden Lewis,5,2023-11-30,Other
312,Catherine Blair,19,2023-01-05,Other
313,Sydney Anderson,15,2025-11-02,Female
314,Mr. Joseph Horn,4,2023-10-14,Male
315,Ruth Williams,7,2021-09-23,Male
316,Madison Frank,13,2025-01-27,Other
317,Christian Orozco,5,2024-03-11,Male
318,Barbara Matthews,5,2025-04-21,Female
319,Eileen Hale,14,2025-02-10,Male
320,Donald Doyle,19,2024-01-19,Male
321,Sara Franklin,6,2023-03-30,Female
322,Nicholas Peterson,19,2024-01-27,Other
323,Laura Matthews,16,2024-04-12,Male
324,William Peters,7,2023-04-12,Other
325,Kevin Nicholson,15,2024-10-17,Male
326,Jacob Mata,8,2021-01-27,Male
327,Molly Cervantes,16,2020-12-29,Male
328,Michelle Torres,5,2023-06-03,Female
329,George Mcconnell,16,2021-12-19,Male
330,Sherry Hawkins,7,2021-10-12,Male
331,Rhonda Maldonado,16,2024-02-23,Other
332,Christopher Howard,17,2023-09-01,Other
333,Jeff Patterson,6,2025-05-19,Female
334,Samantha Church,9,2023-01-20,Other
335,Christopher Jones,5,2023-01-21,Other
336,Patrick Johns,7,2021-10-11,Female
337,Brianna Rubio,17,2023-04-26,Male
338,Adam Vazquez,9,2024-03-30,Other
339,Karen Jones,17,2024-07-23,Male
340,Matthew Hall,4,2021-06-06,Female
341,Michael Carter,1,2021-04-23,Female
342,Lauren May,14,2021-05-12,Other
343,Cynthia Davis,11,2023-11-23,Other
344,Melanie Kelly,10,2025-09-13,Female
345,Susan Reilly,12,2021-04-03,Other
346,Sara Braun,19,2023-04-04,Female
347,Jordan Lewis,12,2024-01-07,Female
348,Dana Thompson,20,2025-04-12,Male
349,Randy Casey,3,2021-11-29,Female
350,Adam Lopez DDS,9,2022-04-06,Female
351,Ronald Boyd,11,2022-03-10,Male
352,Jacqueline Rosario MD,20,2023-09-24,Male
353,Cindy Griffin,11,2023-11-10,Other
354,Dawn Morris,20,2022-11-02,Other
355,Kelly Martinez,20,2022-10-10,Other
356,Michael Kennedy,20,2023-12-27,Other
357,William Tapia,20,2025-10-07,Female
358,Joy Erickson,13,2022-02-17,Male
359,Sharon Levy,14,2025-07-30,Other
360,Lisa Woodard,11,2025-03-11,Other
361,Joseph Watson,2,2023-06-24,Male
362,Roger Hunter,7,2022-05-29,Male
363,Jillian Stein,20,2021-02-04,Female
364,Laura Johnson,11,2024-06-06,Female
365,Michael Gonzalez,5,2025-02-02,Female
366,Timothy Jackson,2,2021-10-04,Other
367,Dr. Jacqueline Wells,15,2023-03-26,Female
368,David Mason MD,6,2021-10-10,Female
369,Brian Moore,3,2021-10-31,Female
370,Derrick Mitchell,3,2022-03-18,Female
371,Nancy Mcdonald,18,2024-12-21,Female
372,Arthur Francis,6,2022-03-13,Male
373,Christopher Adams,1,2022-06-16,Male
374,Linda Brown,19,2021-04-19,Male
375,Heather Cook,3,2023-05-19,Other
376,Jennifer Williamson,14,2024-03-07,Female
377,Brian Phillips PhD,4,2024-07-11,Other
378,Crystal Mcconnell,16,2022-12-19,Male
379,Thomas Curry,19,2022-10-12,Other
380,Tristan Anderson,3,2022-03-28,Other
381,Jason Perry,14,2025-04-07,Female
382,April Davis,7,2021-08-06,Male
383,Elizabeth Hahn,19,2021-09-04,Other
384,Bonnie Flynn,4,2022-12-28,Female
385,Anita Davis,9,2022-01-27,Male
386,Monique Torres,19,2022-12-22,Male
387,Corey Lloyd,6,2024-10-22,Other
388,Anna Gates,3,2025-02-13,Other
389,Danielle Duran,7,2023-11-21,Other
390,Christopher Martin,3,2023-01-19,Male
391,Jennifer Jordan,5,2025-05-22,Female
392,David Leach,6,2021-10-24,Other
393,Shaun Johnson,15,2025-06-05,Female
394,Heather Lewis,9,2022-05-09,Female
395,Daniel Gomez,16,2025-10-22,Other
396,Erica Espinoza,12,2023-05-04,Male
397,Kristen Church,2,2022-06-08,Female
398,Jonathan Castillo,6,2025-11-06,Male
399,Vicki Dixon,18,2022-01-28,Other
400,Julie Sanders,20,2023-11-25,Other
401,Taylor Curtis,13,2025-10-21,Male
402,Wendy Perkins,19,2022-11-11,Female
403,Sheena Murphy,16,2025-09-04,Other
404,Cory Hansen,17,2024-09-16,Female
405,Brooke Bradley,16,2024-03-29,Female
406,Jesse Small,14,2022-09-21,Male
407,Robert Reid,5,2022-01-07,Male
408,Jennifer Riggs,4,2023-05-19,Other
409,Cheryl Cabrera,1,2025-07-19,Male
410,Theresa Wall,4,2021-03-17,Other
411,Sylvia Allen,12,2024-11-01,Female
412,Ryan Mays,14,2024-04-15,Female
413,Zachary Cruz,18,2024-05-29,Female
414,Debbie Rodriguez,7,2023-12-30,Other
415,Dawn Mitchell,8,2024-02-25,Other
416,Brad Johnson,16,2023-12-30,Female
417,Michele Dalton,17,2022-05-26,Female
418,Kelli Campos,5,2020-12-25,Female
419,Brandon Leon,9,2020-12-17,Male
420,Jacqueline Ellis,6,2022-05-18,Female
421,Nicholas Lucas,11,2022-05-31,Other
422,Jill Sanchez,10,2021-04-25,Female
423,Stephanie Day,9,2025-09-02,Other
424,Tammy Morales,12,2022-10-13,Male
425,Melinda Williams,8,2024-02-26,Male
426,Fred Ramirez,10,2023-08-04,Female
427,Anna Mahoney,17,2022-06-02,Other
428,Donald Singleton IV,16,2021-05-20,Female
429,Cody Pena,1,2022-01-18,Male
430,Corey Haynes,2,2021-12-12,Male
431,Debbie Hinton,6,2025-02-26,Female
432,Tanner Sutton,7,2021-08-28,Male
433,Jesse Rivera,3,2025-03-10,Male
434,Matthew Roberts,18,2024-02-17,Male
435,Stephen Baker,11,2025-04-21,Other
436,Angela Atkins,11,2022-11-24,Male
437,Ronald Tran,2,2024-08-26,Female
438,Derek Hicks,5,2022-12-29,Female
439,Jonathan Ryan,20,2022-01-20,Female
440,Karen Singh,7,2021-04-01,Other
441,Matthew Cross,18,2025-09-21,Female
442,Danielle Ellis,4,2024-09-16,Other
443,Jessica Smith,18,2021-02-13,Other
444,Brenda Sanchez,15,2024-01-02,Male
445,Michael Avila,10,2024-09-05,Other
446,Veronica Mcdaniel,19,2024-12-13,Male
447,Michael Richards,15,2021-09-21,Female
448,Patrick Dixon,3,2022-10-20,Female
449,James Williams,14,2025-08-21,Other
450,Madison Bailey,20,2025-01-24,Female
451,Luis Wood,15,2023-05-17,Other
452,Bridget Cook,5,2023-07-12,Male
453,Samantha Smith,14,2023-09-01,Other
454,Jimmy Martinez,3,2021-01-31,Other
455,Ana Hanson,5,2022-08-16,Male
456,Ryan Ross,9,2021-08-04,Other
457,Nicole Martin,12,2023-09-14,Female
458,Amber Ross,7,2022-04-10,Male
459,Peter Alvarado,20,2023-10-22,Male
460,Katie Romero,4,2024-10-30,Male
461,Kevin Johnson,8,2021-11-19,Other
462,Lauren Acosta,17,2022-07-21,Female
463,Jaime Brooks,11,2023-07-02,Female
464,Kelly Garcia,6,2021-05-27,Male
465,Laura Rice,18,2021-03-11,Male
466,Brittany Rodriguez,10,2024-09-05,Other
467,Sharon Wise,6,2023-04-27,Other
468,Erik Vasquez,10,2024-07-01,Other
469,Tanya Shaw,4,2022-11-15,Male
470,Jerry Nguyen,12,2024-09-13,Female
471,Sarah Garcia,17,2023-02-03,Female
472,David Shepard,4,2023-12-02,Male
473,Jonathan Hill,15,2021-02-27,Male
474,Danielle Simmons,16,2025-08-11,Male
475,Sarah Lopez,19,2025-01-25,Female
476,Sharon Jones,19,2021-11-10,Female
477,Kimberly Li,17,2023-01-26,Male
478,Evelyn Middleton,19,2024-09-14,Other
479,Margaret Dean,3,2023-11-18,Male
480,Anthony Wolf,11,2022-04-11,Female
481,Janet Bush,15,2025-06-01,Female
482,Nicholas Vaughn,10,2021-07-21,Female
483,Jodi Dillon,11,2023-03-25,Male
484,Katrina Martinez MD,4,2024-01-26,Male
485,Tiffany Johnson,2,2020-12-13,Male
486,Susan Henderson,5,2021-09-27,Male
487,Susan Watkins,11,2023-04-18,Female
488,Thomas Haynes,7,2023-01-11,Female
489,John Brooks,1,2025-11-04,Other
490,Stephen Kennedy,8,2023-02-07,Other
491,Chad Powell,13,2022-02-05,Male
492,Tim Aguirre,6,2021-10-13,Male
493,Derek Mccoy,19,2021-08-15,Other
494,David Wilson,12,2025-03-11,Female
495,Becky Nelson,7,2021-07-31,Male
496,Luke Willis,7,2023-01-09,Other
497,Matthew Waters,18,2024-11-14,Male
498,Rebecca Alexander,17,2022-11-25,Male
499,Vanessa Smith,17,2024-11-29,Male
500,Karen Anderson,9,2023-09-17,Male
501,Veronica Preston,12,2023-02-28,Other
502,Bryan Young,11,2025-10-30,Female
503,Jason Hall,15,2025-08-25,Male
504,Ashley Boyle,15,2024-03-14,Male
505,Alyssa Hernandez,4,2025-07-07,Other
506,Melissa Adams MD,17,2022-10-25,Male
507,Dustin Dennis,15,2022-07-06,Other
508,David Gonzalez DVM,8,2025-05-31,Other
509,Marc Gutierrez,13,2022-11-12,Male
510,Melanie Sherman,8,2024-11-14,Other
511,Amanda Ramirez,7,2024-07-12,Male
512,Jillian Robinson,10,2021-05-04,Other
513,Julie Clark,14,2024-12-06,Other
514,Mark Blankenship,2,2025-07-20,Other
515,Valerie Harrell,8,2021-08-08,Other
516,Rachel Herring,8,2021-03-23,Other
517,Trevor Jordan,10,2022-04-13,Male
518,Amanda Munoz,19,2021-12-07,Male
519,Sergio Williams,3,2021-10-21,Male
520,Regina Bartlett,5,2023-03-30,Male
521,Edward House,10,2023-09-13,Male
522,Joshua Whitney,16,2025-06-07,Female
523,Paula Chaney,12,2023-12-24,Female
524,Brian Rogers,19,2025-03-18,Other
525,James Lee,16,2023-12-11,Other
526,Brenda Hamilton,9,2022-07-02,Female
527,Scott Weber,6,2022-08-29,Male
528,Mary Patterson,16,2024-10-19,Female
529,Brian Hunt,17,2022-03-16,Male
530,Henry York,16,2022-12-06,Male
531,Melissa Haynes,18,2025-11-21,Other
532,Shelley Hays,17,2024-08-31,Male
533,Chelsea Williams,16,2022-10-13,Other
534,Jerome Hart,5,2023-03-25,Male
535,Julie Avery,14,2025-08-28,Other
536,John Wallace,16,2022-07-31,Male
537,Tony Garcia,9,2022-08-23,Other
538,Jack Walton,4,2024-10-21,Other
539,Blake Martinez,16,2021-04-16,Male
540,Brandon Mcdaniel,1,2024-08-16,Other
541,Jamie Butler,15,2024-04-04,Male
542,William Campbell,5,2025-01-23,Male
543,David Fernandez,5,2021-06-09,Male
544,Jennifer Daniels,1,2025-06-20,Other
545,Justin Smith,6,2022-09-15,Female
546,Timothy Forbes,5,2022-09-08,Female
547,Jamie Roberson,1,2024-05-25,Female
548,Lucas Zamora,15,2021-03-09,Other
549,Nathan Shaw,14,2023-03-05,Female
550,Luke Lucas,13,2021-09-12,Female
551,Albert Wilson,8,2022-04-27,Female
552,Natalie Fitzpatrick,11,2024-07-11,Male
553,Ashley Adams,14,2023-03-19,Other
554,Michael Moore,7,2023-07-17,Male
555,Christopher Rice,4,2022-09-03,Female
556,Jasmine Goodman,15,2022-06-15,Male
557,Michele Pierce,9,2024-11-11,Female
558,Jose Williams,1,2020-12-27,Male
559,Andre Baldwin,16,2021-09-19,Female
560,Mark Hill,10,2025-09-05,Male
561,David Waller,7,2025-04-28,Other
562,Anthony Ruiz,17,2024-10-13,Male
563,Heather Nichols,19,2022-03-14,Male
564,Brian Durham,1,2023-04-13,Female
565,Johnathan Sharp,20,2025-11-18,Female
566,Christina Stephens,16,2025-03-08,Female
567,Carol Morales,13,2021-05-15,Other
568,Brianna Campbell,13,2021-06-01,Female
569,Jessica Hernandez,19,2020-12-14,Other
570,Michael Fletcher,8,2021-11-26,Other
571,Jennifer Hayes,18,2021-06-28,Female
572,James Lloyd,1,2023-11-02,Other
573,Ricardo Brady,4,2021-01-05,Other
574,Michele Ryan,4,2023-12-18,Male
575,Cody Cook,8,2023-01-20,Female
576,Phyllis Harper,19,2024-02-03,Female
577,Amanda Santos,3,2024-10-17,Female
578,Robert Maynard,10,2023-05-05,Other
579,David Thomas,7,2025-07-21,Male
580,Melinda Acosta,17,2023-12-30,Male
581,Katherine Mccormick,19,2024-12-12,Other
582,Catherine Blankenship,7,2023-11-30,Other
583,Steven Fields,20,2025-09-30,Male
584,Stephanie Santana,9,2021-10-31,Male
585,Lisa Bowen,15,2022-04-19,Female
586,Brent Berger,8,2024-03-31,Other
587,Anthony Rowe,14,2024-07-07,Other
588,Kelly Mendoza,3,2022-06-17,Male
589,Lauren Velasquez,5,2025-05-02,Male
590,Kristen Lee,17,2024-03-19,Male
591,Michael Curtis,3,2024-03-07,Female
592,Leslie Morse,10,2024-01-26,Female
593,Carla Short,1,2022-12-29,Female
594,Lisa Jackson,14,2023-09-28,Male
595,Lisa Brady,2,2025-06-11,Female
596,Michael Delgado,12,2024-01-31,Male
597,Laura Riley,9,2023-08-23,Female
598,Stephen Johnson,4,2023-02-06,Other
599,Nancy King,13,2024-09-10,Male
600,Bobby Anderson,9,2021-05-22,Female
601,Alexander Thompson,20,2022-09-04,Other
602,Chelsea Hoffman,4,2023-02-27,Female
603,William Pearson,14,2023-04-10,Male
604,Christopher Martin,12,2023-03-25,Other
605,Melissa Baldwin,20,2022-12-30,Female
606,William Willis,15,2021-05-03,Other
607,Jason Griffin,12,2023-06-12,Other
608,Miss Chelsea Kelley,2,2024-09-30,Male
609,Amanda Brown,3,2022-04-28,Other
610,Deborah Ross,11,2023-10-23,Female
611,Tricia Tucker,2,2025-02-10,Other
612,Stephanie Drake,11,2025-05-05,Other
613,Raymond Scott,19,2024-08-04,Other
614,Paige Thompson,3,2022-03-13,Other
615,Daniel Romero,4,2022-06-07,Male
616,Anna Ortega,14,2022-01-25,Female
617,Kristen Burton,4,2022-05-31,Other
618,Deborah Washington,15,2021-04-20,Male
619,Randy Wolf,10,2022-03-16,Other
620,John Bates MD,20,2021-03-11,Male
621,Patrick Russo,3,2023-03-09,Other
622,Alexander Brown,14,2021-07-03,Other
623,Joe Bennett,11,2022-02-24,Female
624,Harry Bryant,11,2024-12-08,Female
625,Kevin Lynch,19,2025-07-31,Other
626,Paul Sullivan,4,2023-06-07,Other
627,Dr. Frank Green,6,2025-05-22,Female
628,Ashley Simpson,20,2023-10-05,Male
629,Monica King,6,2024-08-24,Other
630,Michael Lara,18,2022-02-25,Female
631,Tamara Watkins,10,2021-05-26,Female
632,James Blair,10,2024-07-04,Male
633,Deborah Moran,2,2022-12-11,Female
634,Kristy Best,13,2021-11-22,Male
635,Jessica Mccormick,14,2025-03-19,Female
636,Scott Holloway,9,2024-01-06,Other
637,Nicole Hess,9,2024-12-01,Female
638,David Rosales,17,2022-03-11,Female
639,David Avila,9,2021-08-02,Female
640,Todd Castro,5,2025-09-06,Male
641,Jason Gutierrez,8,2024-07-18,Female
642,Nicholas Wright,7,2024-02-27,Male
643,Amber Brown,15,2025-08-16,Female
644,Kyle Valenzuela,6,2023-05-25,Male
645,Matthew Love,10,2024-02-27,Female
646,Jeanette Miller,3,2021-11-21,Other
647,Jonathan Jordan,15,2022-02-27,Other
648,Benjamin Miller,19,2023-12-31,Male
649,Shannon Wilson,12,2025-11-15,Other
650,April Rogers,1,2024-01-24,Male
651,Anthony Boyle,17,2025-10-31,Other
652,Elizabeth Ortiz,11,2023-09-04,Male
653,Tiffany Newman,16,2024-12-31,Other
654,Michael Medina,11,2024-11-04,Female
655,Katrina Harris,4,2021-03-01,Female
656,Martin Carter,15,2021-07-25,Other
657,Timothy Brown,20,2024-11-20,Other
658,Jasmine Fuentes,5,2021-11-04,Female
659,Carmen Nichols,1,2022-03-21,Other
660,Danielle Shaw,3,2022-01-21,Other
661,John Mclean,11,2025-04-13,Male
662,Gregory King,15,2024-02-25,Female
663,Kenneth Johnson,17,2022-10-18,Male
664,Tanya Waller,5,2021-01-03,Other
665,Benjamin Nelson,16,2025-11-04,Other
666,Victoria Monroe,19,2024-03-30,Female
667,Jennifer Burns,14,2022-10-21,Male
668,Michael Young,3,2025-09-11,Male
669,Robert Davis,12,2022-03-06,Male
670,Gary Martinez,2,2022-02-24,Male
671,Mr. Raymond Cunningham MD,2,2021-10-22,Female
672,Edward Brewer,6,2024-04-15,Other
673,John Jackson,4,2022-10-05,Female
674,Ashley Glass,17,2024-08-03,Female
675,Ashley Johnson,20,2022-05-09,Other
676,Matthew Peterson,8,2021-04-14,Other
677,Wendy Villanueva,7,2021-02-01,Male
678,Courtney Watson,5,2024-07-27,Female
679,Erin Tucker,19,2023-10-19,Male
680,Christine Rogers,12,2024-01-18,Female
681,Rebecca Sullivan,3,2024-04-19,Female
682,Yolanda West,3,2023-11-10,Female
683,Peter Hill,15,2023-03-29,Female
684,John Burnett,20,2023-07-08,Other
685,Judith Robertson,13,2024-07-05,Male
686,Stephanie Lawson,2,2021-10-03,Other
687,Kayla Medina,3,2022-03-21,Other
688,Justin Smith,7,2025-03-28,Female
689,Rhonda Marshall,9,2022-05-07,Other
690,Nicole Ali,2,2021-03-08,Male
691,Matthew Wright DDS,19,2022-03-10,Female
692,Eric Velazquez,3,2021-03-09,Male
693,Justin Frey,15,2021-12-15,Male
694,Catherine Silva,13,2022-04-09,Female
695,Carmen Fisher,18,2025-07-30,Other
696,Brenda Koch,7,2023-03-30,Other
697,Holly Wyatt,11,2023-01-03,Other
698,Eric Joseph,15,2025-09-29,Female
699,Emily Dorsey,4,2024-05-25,Male
700,Monique Smith,20,2025-07-13,Male
701,Crystal Wallace,17,2021-04-01,Female
702,Anthony Williamson,14,2023-05-27,Female
703,Francisco Scott MD,20,2025-01-18,Female
704,Matthew Salazar,19,2025-02-20,Female
705,Angela Leonard,20,2021-10-30,Other
706,Heather Baker,17,2022-07-08,Male
707,Russell Lee,11,2020-11-27,Male
708,Aaron Padilla,9,2024-11-08,Female
709,Sabrina Brown,10,2022-09-25,Other
710,Benjamin Johns,11,2020-12-30,Other
711,Kenneth Alvarado,8,2022-06-28,Female
712,Christian Lynch,9,2025-09-12,Other
713,Francisco Buchanan,10,2025-05-06,Male
714,Alexandra Cowan,16,2025-11-11,Other
715,William Landry,4,2024-01-12,Other
716,Trevor Williams,20,2021-01-12,Other
717,Dominique Cooper,3,2024-02-27,Female
718,Taylor Young MD,6,2025-01-31,Male
719,Brandon Ross,2,2022-02-10,Male
720,Ryan Diaz,11,2025-05-16,Other
721,Wendy Ward,6,2021-09-21,Female
722,Eric Mason,19,2021-05-29,Female
723,Caleb Anderson,11,2023-03-28,Male
724,Michael Murphy,19,2023-02-18,Male
725,Jeffrey Edwards,13,2021-04-07,Other
726,Lisa Prince,20,2025-02-01,Other
727,Rachel Sutton,17,2024-06-19,Other
728,Howard Fletcher,13,2023-09-12,Other
729,Mary Forbes,13,2023-04-22,Female
730,Pamela Watson,10,2024-06-07,Female
731,Melanie Wilson DDS,10,2022-11-11,Other
732,Michael Odonnell,1,2024-12-13,Female
733,Jonathan Cook,17,2022-08-31,Other
734,Rebecca Harrison,17,2024-08-02,Female
735,Dr. Ronald Guerrero PhD,9,2022-10-19,Female
736,Joshua Paul,20,2021-05-24,Female
737,Thomas Nguyen,6,2024-03-25,Other
738,Wesley Johnson,8,2023-07-08,Other
739,Mark Gordon,10,2023-08-28,Female
740,Richard White,5,2025-07-12,Female
741,Bill Montgomery,13,2021-05-23,Male
742,Randy Shah,3,2024-04-05,Male
743,Dennis Carroll,13,2021-11-06,Other
744,Jordan Mercado,7,2023-08-01,Male
745,Bradley Ray,6,2024-07-19,Other
746,Carolyn Green,6,2025-05-20,Male
747,Ryan Jennings,13,2021-07-03,Male
748,Amy Moyer,16,2023-08-25,Female
749,Samantha Jones,11,2022-01-11,Other
750,Alexander Campbell,5,2021-11-19,Female
751,Jorge Burke,13,2025-06-13,Other
752,Elizabeth Hinton,20,2024-11-19,Male
753,Sarah Shaw,19,2022-03-06,Male
754,Carlos May,5,2022-04-13,Male
755,Dr. Paul Berry,18,2024-01-26,Male
756,Debra Torres,19,2025-08-03,Female
757,Kayla Gonzalez,20,2022-09-20,Male
758,Brandi Baxter,17,2023-03-22,Female
759,Anthony Johnson,4,2022-07-18,Male
760,Eduardo Garcia,16,2024-06-30,Female
761,Tyler Middleton,15,2021-11-17,Female
762,Melissa Schneider,16,2023-07-23,Male
763,Cheryl Graham,11,2021-11-25,Male
764,Amanda Phillips,1,2025-07-12,Male
765,Rachel Harris,1,2025-05-09,Other
766,Zachary Williams,5,2023-06-24,Female
767,Christine Anderson,4,2025-01-11,Other
768,Tyler Mooney,12,2021-07-19,Male
769,Angela Ortiz,3,2023-10-05,Other
770,Derek Lopez,20,2021-06-18,Female
771,William Reilly,3,2021-06-22,Other
772,Lindsey King,14,2024-11-12,Female
773,Jared Smith,8,2025-02-11,Female
774,Rachel Nelson,5,2024-07-07,Female
775,Vicki Carter DDS,11,2024-02-05,Other
776,Michelle Pierce,9,2023-09-14,Other
777,Janice Hill,2,2025-01-15,Other
778,Edward Weaver,7,2021-03-27,Male
779,Dominique Frazier,13,2021-12-06,Other
780,Rachel Martin,13,2022-02-07,Female
781,Michael Padilla,6,2021-01-09,Male
782,Michelle Lewis,13,2025-05-22,Female
783,Felicia Simmons,9,2024-07-28,Male
784,Michelle Young,11,2021-10-05,Male
785,Matthew Gardner,16,2025-05-07,Other
786,Bradley Wilkins,9,2025-10-19,Male
787,Deborah Smith,9,2021-10-01,Female
788,Robert Munoz,18,2021-07-02,Female
789,Rachel Nunez,14,2022-11-01,Female
790,Caitlyn Sullivan,2,2023-07-28,Male
791,Kathy Faulkner,6,2022-10-18,Female
792,Deborah Carr,13,2023-07-06,Female
793,Donald Castaneda,14,2024-10-16,Other
794,Patrick Donaldson,8,2021-07-01,Female
795,Monica Mccoy,13,2025-09-18,Male
796,Michael Young,11,2021-04-25,Female
797,Vincent Nichols,14,2022-12-12,Female
798,Samuel Duffy,19,2023-03-05,Female
799,James Miller,15,2022-04-03,Other
800,Randall Fields,2,2025-10-11,Female
801,Joshua Garza,2,2022-05-12,Male
802,Matthew Johnson,20,2023-12-14,Male
803,Gary Turner,7,2023-06-07,Female
804,Michelle Duke,9,2021-02-26,Male
805,Jim Jackson,19,2025-10-07,Other
806,Samantha Harvey,15,2021-02-28,Female
807,Ryan Jones,20,2023-06-27,Other
808,Sara Daniels,1,2022-12-10,Male
809,Angela Pena,17,2022-10-13,Male
810,Alan Burton,16,2022-10-19,Male
811,Anthony Wallace,10,2021-11-18,Female
812,Chloe Taylor,1,2024-06-15,Male
813,Michael Rojas,18,2022-10-21,Female
814,Robert Henderson,12,2024-07-07,Other
815,Michael Moore,7,2025-05-29,Male
816,Ethan Kane,6,2022-01-14,Other
817,Laurie Smith,13,2024-07-28,Other
818,Sherry Warner,20,2021-09-17,Male
819,Eugene Frank,16,2021-07-22,Male
820,Mr. Thomas Williams,18,2025-04-04,Male
821,Diana Mcneil,16,2025-04-12,Other
822,James Diaz,20,2024-12-16,Male
823,Corey Singh,18,2025-02-26,Female
824,Kathleen Kirby,12,2023-06-08,Female
825,Diana Green,7,2024-05-20,Male
826,Rebecca Kline,4,2020-12-06,Other
827,Anthony Rodgers,3,2023-05-18,Female
828,Clifford Smith,15,2023-02-20,Female
829,Joshua Wolf,2,2022-10-23,Male
830,Benjamin Chapman,5,2021-10-13,Other
831,Amy Jones,12,2022-01-17,Male
832,Stephanie Ramirez,7,2025-02-09,Female
833,Gloria Mason,4,2022-07-10,Female
834,Julie Jackson,20,2023-06-10,Other
835,Briana Rogers,5,2025-06-14,Other
836,Rebecca Ballard,10,2024-07-31,Other
837,Courtney Vincent,9,2022-10-15,Male
838,Christopher White,15,2021-08-21,Male
839,John Robinson,16,2022-01-19,Male
840,Valerie Elliott,12,2025-02-23,Female
841,Brian Kelley,5,2025-02-01,Other
842,Rodney Acosta,19,2024-12-18,Male
843,Seth Baker,1,2022-06-01,Other
844,Rachel Matthews,5,2024-05-08,Other
845,Carla Potter,14,2024-12-01,Female
846,Linda Perez,3,2024-06-03,Other
847,Wendy Beltran,7,2021-05-18,Male
848,Terrence Jackson,7,2024-10-09,Other
849,Tracey Kim DVM,20,2022-10-01,Other
850,Benjamin Valdez,9,2025-06-23,Male
851,Albert Gonzalez,9,2021-11-10,Other
852,Mr. Jason Hernandez MD,19,2023-10-18,Female
853,Scott Coleman,16,2025-02-15,Male
854,Alexandra Kelly,5,2024-03-26,Other
855,Christina Riddle,18,2025-02-02,Female
856,Tracy Williams,4,2024-06-10,Male
857,Noah Nelson,15,2022-09-29,Female
858,Amy Reyes,15,2025-05-27,Other
859,Anthony Clark,18,2025-01-01,Female
860,Jennifer Davis,1,2021-10-11,Other
861,Jonathan Murillo,14,2023-08-21,Other
862,Gary Davis,9,2023-11-24,Other
863,Dale Taylor,11,2021-03-23,Female
864,Megan Hopkins,1,2021-05-12,Male
865,Lacey Olson,6,2023-03-24,Male
866,Michael Nash,12,2024-06-20,Other
867,Rachel Thompson,1,2025-09-23,Male
868,Susan Gray,6,2023-09-05,Female
869,Mathew Franklin,2,2021-08-08,Male
870,Mark Williams,19,2021-06-18,Male
871,Andrew Greene,6,2023-01-07,Other
872,Suzanne Conner,18,2023-09-13,Female
873,Jennifer Miller,11,2025-04-02,Female
874,Chelsea Brady,18,2025-06-14,Other
875,Alexandra Johnson,18,2022-10-16,Male
876,Elizabeth Wyatt,15,2025-11-08,Male
877,Cynthia Williamson,15,2022-06-05,Female
878,Amanda Smith,5,2024-02-01,Male
879,Debbie Davis,18,2024-09-30,Male
880,David Hernandez,8,2021-09-14,Female
881,Michael Coleman,6,2025-02-05,Male
882,Kaylee Gill,4,2022-04-19,Male
883,Travis Larson,14,2025-07-26,Female
884,Andrew Combs,16,2025-04-22,Other
885,Mrs. Nicole Martin DDS,15,2022-09-05,Other
886,Adam Phillips,15,2023-03-16,Other
887,Elizabeth Hood,10,2023-09-14,Male
888,Mrs. Amy Reyes,18,2021-05-02,Other
889,Ryan Rodriguez,17,2024-09-09,Male
890,Tiffany Bass,14,2025-01-04,Male
891,Jason Joseph,6,2022-07-04,Other
892,Debra Montgomery,6,2025-05-25,Other
893,Terri Ward,2,2024-02-24,Other
894,James Smith,3,2024-09-04,Female
895,David Tucker,8,2021-01-17,Male
896,Shannon Harris,20,2023-07-24,Male
897,Carolyn Ortega,8,2024-04-25,Male
898,Jessica Orr,18,2023-09-25,Other
899,David Nelson,2,2025-10-09,Other
900,Keith Scott,16,2022-06-28,Male
901,Andrew Hughes,2,2023-07-14,Other
902,Edwin Cervantes,3,2023-07-23,Other
903,Kelly Acosta,4,2023-06-15,Male
904,Paul White,13,2022-08-26,Other
905,Anthony Barnes,10,2023-01-11,Female
906,Danielle Ayala,10,2023-04-05,Female
907,Kelly Joseph PhD,7,2025-06-29,Other
908,Kimberly Mendez,9,2023-08-09,Female
909,Mark Allen,2,2021-09-26,Female
910,Jordan Jones,1,2025-07-10,Male
911,Maria Nelson,14,2023-12-23,Other
912,Joshua Butler,15,2022-01-28,Male
913,Mr. Kevin Greer MD,15,2025-05-13,Other
914,Candice Foster,5,2022-11-17,Female
915,Matthew Werner,12,2022-06-13,Other
916,William Martin,12,2023-07-26,Male
917,Kaylee Cooper,5,2021-11-03,Other
918,Megan Peters,17,2025-04-07,Female
919,Cindy Ross,12,2024-10-02,Female
920,Sarah Dawson,10,2021-11-07,Other
921,Jennifer Rodriguez,8,2023-07-21,Male
922,Madeline Preston,13,2025-11-07,Female
923,Nicole Skinner,12,2021-04-08,Female
924,Michael Reyes,5,2022-08-11,Female
925,James Townsend MD,12,2025-04-02,Female
926,Michele Reed,14,2020-12-08,Female
927,Michael Martinez,14,2023-08-09,Other
928,Mr. Joseph Brown,4,2025-10-22,Male
929,Linda Stark,6,2022-02-27,Male
930,Michael Wilson,5,2023-12-04,Other
931,Craig Mayo,1,2022-04-06,Male
932,Jamie Lin,5,2021-04-15,Other
933,Krista Johnson,20,2025-03-18,Other
934,Gabriel Castro,20,2023-03-14,Other
935,Sheila Lynch,5,2021-06-18,Female
936,Alexander Rice,5,2023-03-30,Other
937,John Hodges,20,2025-10-06,Other
938,Dr. Theresa Moore,15,2021-11-30,Female
939,David Washington,8,2022-09-06,Female
940,Julie Palmer,4,2024-03-10,Female
941,Mark Hernandez,18,2024-09-02,Other
942,Samuel Moore,3,2024-12-04,Male
943,Kathleen Anderson,16,2025-09-02,Male
944,Andrea Brown,12,2021-10-28,Female
945,Steven Lowery,9,2025-02-10,Other
946,Courtney Carlson,4,2023-10-23,Other
947,Emily Johnson,5,2022-08-22,Male
948,Matthew Alexander,17,2022-11-15,Female
949,Steven Benson,10,2024-12-03,Other
950,Alex Thomas,10,2023-02-05,Male
951,Nicholas Johnson,12,2022-02-01,Female
952,Michael Jones,8,2022-12-19,Female
953,Heather Walker,14,2025-01-14,Female
954,Melissa Mclaughlin,18,2021-01-14,Male
955,Jay Clark,6,2024-02-24,Other
956,Cathy Cardenas,17,2021-12-21,Female
957,Brandon Cook,14,2025-01-25,Female
958,Dawn Smith,19,2023-12-21,Male
959,Michael Meyer,7,2024-08-16,Female
960,Tony Scott,3,2021-08-06,Male
961,Adam Morgan,4,2024-11-12,Male
962,Cody Byrd,18,2021-09-26,Other
963,Chelsea Jones,11,2023-04-18,Other
964,Angela Fowler,8,2021-11-04,Other
965,Amy Anderson,12,2023-10-03,Male
966,Wendy Barron,12,2024-09-02,Female
967,Patrick Floyd,15,2020-12-19,Other
968,Rebecca Mclaughlin,4,2023-05-19,Male
969,Jessica Berry,16,2022-04-30,Female
970,Mark Boyer,14,2021-12-13,Male
971,Kimberly Ramirez,1,2024-03-16,Male
972,Ashley Flores,6,2024-08-24,Other
973,Michael Church,9,2025-06-23,Male
974,Dustin Blanchard,7,2023-09-05,Male
975,Rachel Ross,16,2024-06-16,Other
976,Emily Kelly,7,2023-12-11,Female
977,Amanda Gonzalez,10,2025-11-05,Male
978,Linda Kane,7,2025-06-27,Other
979,William Washington,6,2022-01-09,Male
980,Christina Conrad,5,2022-04-03,Female
981,Charles Garrett,12,2022-10-21,Male
982,Ian Willis,7,2022-01-19,Other
983,Dustin Li,10,2023-03-02,Female
984,Mark Bennett,1,2021-11-21,Female
985,Brenda Weaver,15,2024-05-30,Other
986,Erica Walsh,20,2024-08-20,Other
987,Donald Murillo,8,2022-04-01,Female
988,Michele Smith,4,2021-05-23,Male
989,Christina Alvarez,17,2022-03-20,Other
990,Joshua Stewart,4,2021-08-31,Male
991,Brian Morton,12,2023-03-11,Female
992,Alyssa Anderson,8,2020-12-19,Other
993,Wendy Brown,1,2025-08-20,Female
994,Alexandra Thomas,7,2021-12-27,Female
995,Allen Stanley,15,2021-03-11,Female
996,Wesley Guzman,14,2023-02-28,Other
997,Dr. Mario Hamilton,15,2021-01-29,Other
998,Anna Torres,5,2024-10-04,Other
999,Jason Roberts,13,2024-03-14,Female
1000,Tami Harrison,17,2024-07-03,Female
1001,Christopher Stevens,18,2023-01-13,Female
1002,Jason Riddle,9,2024-01-17,Other
1003,Nichole Vasquez,10,2024-03-25,Male
1004,Jennifer Reed,1,2021-03-30,Female
1005,Gregory Daniels,20,2025-10-24,Other
1006,Deborah Osborne,19,2021-10-23,Female
1007,Autumn Petty,12,2024-09-01,Male
1008,Michelle Perez,15,2024-10-03,Male
1009,Michelle Henderson,9,2025-05-25,Female
1010,Jenny West,10,2023-07-09,Other
1011,Crystal Travis,7,2023-09-21,Female
1012,Dylan Edwards,6,2022-05-30,Female
1013,Patrick Tate,4,2021-11-20,Female
1014,Dana Johnston,10,2025-10-21,Other
1015,Catherine Curtis,12,2024-01-01,Other
1016,Jason Dickerson,13,2024-05-13,Male
1017,Mary Barnes,18,2022-04-23,Female
1018,James Johnson,15,2021-05-08,Male
1019,Jill Stewart,10,2022-06-21,Other
1020,Dwayne Christian,12,2021-01-15,Female
1021,Melissa Juarez,6,2025-02-19,Other
1022,William Nguyen,11,2021-01-08,Female
1023,Mindy Diaz,13,2021-09-27,Female
1024,Robert Leach PhD,12,2021-04-13,Other
1025,Lisa Schneider,14,2022-08-01,Other
1026,Mr. Logan Santiago,15,2021-07-20,Other
1027,Gabrielle Waller,4,2022-07-12,Male
1028,Caroline Payne,2,2025-09-28,Male
1029,Aaron Martin,5,2024-02-28,Other
1030,Ronald Murphy,7,2022-06-11,Male
1031,Luis Thornton,8,2025-01-15,Male
1032,Brianna Dixon,20,2022-04-24,Other
1033,Cory Martinez,18,2021-01-17,Other
1034,Mrs. Kimberly Myers MD,17,2023-12-02,Other
1035,Tanya Pena,19,2025-04-19,Other
1036,Anthony Kelly,10,2022-10-15,Other
1037,Cheryl Perez,13,2024-10-24,Other
1038,Angel Davis,11,2024-08-20,Male
1039,Amanda Fields,15,2024-12-28,Female
1040,John Arias,17,2024-05-31,Male
1041,Adrienne Pierce,2,2025-03-18,Male
1042,Mrs. Samantha Costa,4,2021-08-25,Male
1043,Kayla Simpson,17,2021-07-24,Other
1044,Angel Wilson,15,2022-07-26,Female
1045,Antonio Robinson,19,2025-10-19,Female
1046,Rebecca Murray,19,2023-08-18,Male
1047,Edward Mejia,20,2021-08-12,Other
1048,Rebecca Williams,10,2024-01-19,Other
1049,Stephen Vasquez,18,2022-11-15,Female
1050,Joshua Brown,13,2023-09-11,Other
1051,Keith Adams,16,2023-10-07,Other
1052,Shannon Evans,9,2021-12-16,Female
1053,Kaylee Andrews MD,6,2021-07-19,Male
1054,Dana Mcgee,13,2021-03-18,Male
1055,George Gordon,6,2021-05-29,Other
1056,Robert Hutchinson,10,2025-02-08,Female
1057,Angela Mendez,6,2024-11-01,Female
1058,Sherri Miller,14,2024-08-03,Other
1059,Dominique Sampson,12,2024-07-19,Female
1060,Virginia Pacheco,6,2023-12-02,Other
1061,Amy Knight,17,2025-11-13,Female
1062,Sheena Bryant,17,2023-08-26,Female
1063,Luke Mann,8,2022-04-07,Female
1064,Kevin Morris,18,2023-09-03,Male
1065,James Hernandez,20,2025-01-29,Other
1066,Jonathan Hunt,1,2025-10-21,Male
1067,Charles Weber,10,2023-09-08,Other
1068,Anthony Clark,6,2022-01-18,Female
1069,Gary Rodriguez PhD,14,2022-09-30,Female
1070,Jose Foster,8,2023-10-27,Male
1071,Joshua Robinson,17,2023-01-26,Male
1072,Jessica Schneider,20,2022-12-08,Other
1073,Darren York,1,2024-01-26,Male
1074,Jessica Wood,7,2023-08-27,Female
1075,Rachael Robinson,17,2023-10-17,Female
1076,Jason Romero,3,2022-07-23,Female
1077,Corey Gonzalez,9,2022-08-26,Male
1078,Michelle Perry,19,2024-09-27,Male
1079,Matthew Rosales,2,2022-04-01,Female
1080,Amanda Gonzalez,6,2021-12-04,Other
1081,Amy Dean,11,2023-10-13,Male
1082,Sean Cook,16,2022-05-05,Other
1083,Laura Marsh,17,2021-04-23,Male
1084,Matthew Young,14,2022-06-08,Other
1085,David Rodriguez,12,2025-09-09,Male
1086,Renee Tucker,1,2023-12-30,Other
1087,Wesley Lee,12,2022-07-29,Other
1088,Jenna Coleman,10,2024-03-24,Male
1089,Jody Dunn,16,2022-08-09,Other
1090,Jill White,11,2021-01-03,Male
1091,Ryan Peterson,13,2023-09-12,Female
1092,Jessica Gomez,4,2025-03-31,Male
1093,Bill Hurley,15,2023-03-28,Male
1094,Juan Rodriguez,12,2024-05-26,Female
1095,David Tran,19,2024-01-05,Other
1096,Robert Morrison,7,2022-02-10,Male
1097,Holly Olson,12,2023-07-26,Female
1098,Kimberly Hernandez,20,2025-04-08,Male
1099,Nicole Durham,1,2024-02-01,Other
1100,Kimberly Acosta,15,2021-08-05,Male
1101,Ashlee Lee,3,2023-05-24,Male
1102,Angela Byrd,9,2022-06-05,Female
1103,Jean Smith,17,2025-01-15,Female
1104,Laura Cole,6,2022-04-02,Male
1105,Douglas Washington,17,2023-05-06,Male
1106,Maria Finley,16,2024-05-24,Female
1107,Donna Delgado,12,2023-06-28,Other
1108,Miss Nicole Mitchell MD,11,2024-07-10,Other
1109,Kristi Kirk,10,2022-03-01,Other
1110,Kendra Rasmussen,19,2023-01-09,Female
1111,Amy Smith,5,2023-08-06,Other
1112,Miranda Rodriguez,2,2024-01-29,Male
1113,Luis Pollard,5,2021-04-28,Other
1114,Laura Griffin,5,2024-06-28,Male
1115,Kyle Castaneda,17,2023-08-03,Other
1116,Stephanie Miller,11,2022-09-12,Female
1117,Andrew Molina,16,2021-03-27,Female
1118,Steven Curry,14,2022-01-29,Female
1119,Suzanne Shah,13,2023-12-30,Male
1120,William Lane,15,2022-06-20,Female
1121,Sara Garcia,10,2023-06-07,Other
1122,Joseph Jacobs,7,2021-04-17,Male
1123,Jessica Henson,1,2022-06-30,Female
1124,Teresa Butler DDS,6,2025-05-13,Male
1125,Crystal Montoya,4,2022-04-03,Male
1126,Melissa Sanders,4,2025-04-24,Female
1127,Brandon Wilson,8,2025-04-26,Male
1128,Kayla Stout,10,2025-07-16,Male
1129,Zachary Fleming,12,2023-03-14,Male
1130,Mary Thompson,13,2025-07-25,Other
1131,Angela Wright,17,2022-01-09,Male
1132,Robert Garcia,17,2023-04-21,Female
1133,Cheryl Hall,16,2021-03-16,Female
1134,Kimberly Washington,14,2024-10-25,Other
1135,Pamela Stevens,13,2024-07-16,Female
1136,Justin Parsons,9,2021-04-11,Other
1137,Laura Sweeney,16,2025-09-29,Other
1138,Michael Gilbert,8,2021-12-29,Male
1139,James Smith,19,2023-09-28,Male
1140,Jordan Simpson,19,2025-01-11,Female
1141,Chad Baker,15,2025-10-13,Other
1142,Anthony Blanchard MD,18,2025-11-06,Other
1143,Tyler Williams,12,2024-10-05,Male
1144,Justin Rodriguez DVM,5,2023-04-10,Male
1145,Donna Quinn,18,2024-04-03,Other
1146,Christine Maldonado,4,2022-02-10,Other
1147,Mark Gardner,19,2021-10-09,Other
1148,Craig Potter,16,2022-04-18,Other
1149,Kristina Wilson,5,2023-12-19,Female
1150,Cheryl Cohen,3,2024-08-03,Female
1151,Andrew Ray,15,2024-05-04,Male
1152,Albert Hood,5,2025-04-30,Female
1153,Samantha Miller,14,2021-10-20,Female
1154,Angela Moore,11,2022-04-22,Other
1155,Joseph Williams,19,2021-08-27,Male
1156,Raymond Taylor,12,2022-09-21,Male
1157,Louis Martin,6,2021-09-26,Male
1158,Jamie Cummings,9,2023-11-01,Female
1159,Mr. Adrian Brooks III,16,2023-09-24,Other
1160,Victor Smith,12,2025-04-05,Male
1161,Benjamin Mckinney,16,2023-04-11,Female
1162,Dawn Murphy,13,2023-03-30,Other
1163,David Taylor,17,2024-01-04,Other
1164,Carlos Henry,11,2024-08-22,Female
1165,Jennifer Mack,20,2021-02-06,Male
1166,Whitney Roberts,18,2024-02-14,Other
1167,Courtney Sandoval,10,2022-11-22,Other
1168,David Mcconnell,16,2022-11-27,Male
1169,Tara Huber,4,2023-07-23,Other
1170,Katherine Clark,2,2024-05-20,Other
1171,John Curry,7,2021-08-29,Male
1172,Kevin Gray,17,2021-01-13,Other
1173,Jose Lozano,9,2023-11-23,Other
1174,Brenda Stevenson,6,2025-10-04,Female
1175,Charles Murphy,17,2022-04-17,Female
1176,Clinton Graham,15,2022-03-25,Male
1177,Victoria Moore,18,2022-02-02,Other
1178,Dr. Megan Cameron,5,2021-10-05,Other
1179,Michael Acosta,4,2024-08-11,Female
1180,Joseph George,6,2022-06-15,Other
1181,Darlene Johnson,16,2022-09-30,Other
1182,Grant Webb,20,2021-02-03,Other
1183,Stephanie Hayes,3,2025-06-26,Other
1184,Leah Perry,4,2025-08-14,Male
1185,Felicia Shaw,12,2025-03-03,Female
1186,Derek Franklin,4,2021-11-24,Female
1187,Lisa Medina,18,2024-07-11,Other
1188,Brittany Rivera,18,2024-02-16,Male
1189,Elizabeth Flores,7,2023-07-22,Other
1190,Elizabeth Hayes,18,2021-03-16,Male
1191,James Miller,20,2021-01-12,Male
1192,Michael Moore,11,2025-06-10,Other
1193,Tonya Avery,16,2023-12-20,Male
1194,Gary Friedman,20,2025-07-02,Other
1195,Antonio Taylor,15,2023-07-03,Male
1196,Johnathan Santos,5,2024-06-30,Male
1197,Maria Hanson,17,2022-01-15,Female
1198,Tamara Robbins,14,2022-02-06,Female
1199,Jeffrey Kim,1,2024-10-02,Other
1200,Peter Robinson,15,2021-12-05,Female
1201,Ricardo Benitez,15,2022-10-16,Male
1202,Jane Hood,7,2023-05-24,Male
1203,Diana Meza,16,2022-10-11,Male
1204,David Herrera,20,2025-10-30,Female
1205,Gregory Johnson,13,2024-01-30,Other
1206,Beverly Brooks,12,2022-03-29,Male
1207,Tammy Daugherty,5,2023-12-23,Male
1208,Nathan Holt,10,2023-06-19,Male
1209,Jared Bray,8,2025-11-08,Other
1210,Brian Coleman,17,2023-01-30,Other
1211,Jonathan Tyler,17,2025-05-20,Female
1212,Brittany Bell,15,2021-06-19,Female
1213,Caitlin Owens,3,2023-09-11,Other
1214,Alexandra Dorsey,15,2024-06-21,Female
1215,William Oliver,13,2025-01-01,Other
1216,Mitchell Davenport,4,2025-05-16,Female
1217,Samantha Oliver,3,2023-05-23,Other
1218,Erin Molina,12,2023-04-14,Female
1219,Heidi Alvarado,12,2023-10-11,Other
1220,Andrew Moore,19,2024-03-18,Female
1221,John Johnson,5,2021-01-15,Female
1222,William Valdez,7,2024-10-12,Female
1223,Marie Rodriguez,10,2021-02-12,Male
1224,Anthony David,15,2023-04-08,Other
1225,Cathy Young,15,2023-03-03,Female
1226,Sara Davis,6,2023-08-16,Male
1227,Sara Jones,15,2021-03-09,Male
1228,Kimberly Clark,20,2022-02-10,Male
1229,Patrick Snow,13,2022-04-14,Other
1230,Mark Sims,3,2024-07-09,Other
1231,Sara Hernandez,7,2025-08-12,Male
1232,Katie Smith,5,2025-04-13,Female
1233,Abigail Lee DDS,4,2021-01-17,Other
1234,Cheryl Brandt,16,2024-08-05,Female
1235,Colton Murillo,1,2023-02-27,Female
1236,Deanna Lam,9,2025-06-13,Other
1237,Danielle Stokes,6,2025-05-09,Male
1238,Joshua Hartman,17,2023-12-06,Female
1239,Robert Rodriguez,5,2024-01-22,Male
1240,Mark Watson,14,2021-05-04,Female
1241,Nancy Wilson,19,2023-07-11,Female
1242,Jonathan Zuniga,12,2023-11-04,Male
1243,James Thompson,18,2025-07-24,Other
1244,Dr. Andrea Wade MD,3,2025-05-13,Other
1245,Michelle Martinez,9,2025-06-25,Female
1246,Ryan Fields,8,2022-10-21,Other
1247,Brittney Ryan,12,2023-10-10,Female
1248,Mr. Gregory Shelton,7,2023-11-23,Female
1249,Randall Coleman,16,2025-05-31,Male
1250,Katelyn White,12,2022-07-16,Female
1251,Kristin Warren,19,2021-03-28,Other
1252,Melissa Hayes,3,2021-02-20,Female
1253,Stephen Mason,18,2024-12-08,Male
1254,Kelly Wheeler,14,2023-04-04,Other
1255,Kevin Mitchell MD,9,2021-10-17,Male
1256,Stephen Thomas,9,2022-09-11,Other
1257,Nicholas Flores,2,2022-01-20,Other
1258,Scott Vega,7,2021-09-27,Female
1259,Margaret Warren,4,2025-02-22,Female
1260,Christina Winters,19,2022-07-20,Male
1261,Meghan Miller,6,2020-12-05,Female
1262,Jeremy Rodriguez,11,2022-04-04,Male
1263,Veronica Boone,7,2023-11-24,Other
1264,Susan Sutton MD,13,2022-11-21,Male
1265,Alyssa West,19,2021-08-04,Male
1266,Brittany Wood,4,2024-03-22,Other
1267,Christian Ford,8,2023-03-08,Female
1268,John Foster,7,2024-09-20,Male
1269,Mitchell Burgess,19,2023-03-29,Other
1270,Austin Williams,17,2024-04-01,Female
1271,Tracy Lewis,20,2021-10-17,Male
1272,Jeremy Wallace,10,2022-01-15,Female
1273,Mary Villegas,8,2021-11-20,Female
1274,Brittany Le,7,2022-11-10,Male
1275,William Gonzalez,11,2025-02-19,Other
1276,Susan Flores,11,2021-12-26,Female
1277,Brittney Oliver,19,2025-06-23,Male
1278,Stephanie Johnson,19,2021-02-20,Other
1279,Angela Burke,11,2021-08-14,Female
1280,Emily Rodriguez,20,2022-04-22,Other
1281,Richard Harmon,14,2022-05-13,Other
1282,Richard Mahoney,5,2025-10-30,Other
1283,Kevin Green,14,2023-03-15,Male
1284,Christopher Patterson,5,2024-03-27,Male
1285,Ruben Martin,3,2023-01-05,Other
1286,Holly Perkins,9,2024-12-06,Female
1287,Trevor Foster,13,2022-02-01,Female
1288,Heidi Hensley,14,2021-06-28,Female
1289,Christopher Coffey,7,2023-12-10,Female
1290,Shannon Hodge,12,2021-08-28,Other
1291,Alex Miller,19,2025-07-06,Male
1292,Christine Riley,13,2021-01-07,Female
1293,Elizabeth Matthews,12,2023-02-01,Other
1294,Dana Mcdonald,18,2022-08-31,Female
1295,Jon Sullivan,17,2022-11-26,Other
1296,Joyce Porter,10,2021-08-17,Female
1297,Sara Smith,8,2023-11-16,Other
1298,Jill Bender,18,2023-02-02,Female
1299,Brian Morton,16,2023-02-13,Other
1300,Jacob Hendrix,15,2023-07-29,Female
1301,Sean Hernandez,2,2025-02-03,Male
1302,Timothy Schneider,18,2023-02-19,Female
1303,Ashley Peterson,18,2023-06-29,Other
1304,Daniel Lewis,8,2022-05-24,Female
1305,Michelle James,2,2023-01-13,Male
1306,John Russo,1,2025-01-18,Male
1307,Michelle Ferguson,5,2024-07-20,Other
1308,Ruth Horne,14,2025-08-15,Female
1309,Kristin Ortiz,5,2025-04-17,Female
1310,Jesus Garcia,20,2021-11-25,Other
1311,Mary Miller,19,2023-03-02,Female
1312,Jimmy Bean,8,2024-02-06,Other
1313,Mark Brown,1,2021-04-15,Other
1314,Tracy Elliott,4,2024-05-04,Other
1315,Chad Fitzgerald,12,2025-04-27,Other
1316,Brittany Frazier,3,2022-06-03,Other
1317,Jonathan Hicks,5,2022-04-30,Other
1318,Sarah Harris,9,2025-01-05,Female
1319,Stacie Harris,3,2025-09-01,Female
1320,George Salazar,11,2024-02-23,Male
1321,Trevor Wood,2,2023-08-28,Other
1322,Anthony Clarke,14,2021-09-12,Other
1323,Matthew Brooks,2,2025-10-05,Male
1324,Kathy Castro,9,2025-07-03,Female
1325,Claudia Burgess,6,2024-08-27,Female
1326,Lindsay Huang,18,2021-01-30,Male
1327,Geoffrey Miles,15,2022-06-03,Other
1328,Ms. Christine Steele,1,2025-08-26,Female
1329,Kimberly Romero,1,2022-04-29,Male
1330,Sarah Mcbride,9,2020-12-03,Female
1331,Angela Nguyen,20,2025-04-30,Male
1332,Jane Davis,4,2022-09-20,Female
1333,Larry Johnson,7,2023-05-29,Other
1334,Mike Huffman,17,2024-12-06,Other
1335,Douglas Snyder,7,2022-10-06,Male
1336,Corey Shannon,12,2024-05-09,Female
1337,Scott Wolfe,18,2022-10-28,Male
1338,Shannon Taylor,17,2025-04-04,Female
1339,Melissa Morris,3,2022-06-12,Male
1340,Tabitha Lawson,16,2023-08-13,Other
1341,Bryan Graham,6,2022-08-14,Male
1342,Sierra Stewart,16,2024-01-13,Male
1343,Kathryn Robinson,19,2025-05-22,Male
1344,Elizabeth Castro,4,2024-05-17,Male
1345,Ashley Montoya,6,2025-05-05,Male
1346,Briana Crane,16,2021-07-10,Male
1347,Tara Brown,20,2021-09-12,Other
1348,Dustin Cunningham,3,2021-03-01,Other
1349,Tiffany Mendoza,10,2024-11-28,Female
1350,Caleb Thomas,4,2023-11-21,Other
1351,Christine Oliver,15,2022-01-13,Male
1352,Robin Lane MD,7,2023-01-30,Female
1353,Michelle Peterson,4,2020-11-29,Female
1354,Molly Diaz,16,2024-03-13,Female
1355,Laura Beck,18,2021-05-08,Male
1356,Stacey Petersen,2,2024-09-04,Male
1357,Anthony Brown,9,2023-10-13,Other
1358,Mark Barr,4,2021-01-01,Other
1359,Kathleen Clark,7,2020-12-09,Female
1360,Tommy Leblanc,16,2025-02-11,Male
1361,Mark Munoz,1,2025-03-16,Other
1362,Jeremiah Anderson,11,2025-01-08,Female
1363,Katrina Contreras,11,2024-02-18,Other
1364,Robert Martin,19,2022-03-18,Male
1365,Matthew Coffey,11,2021-11-26,Female
1366,Tammy Collins,13,2024-08-30,Female
1367,Dawn Walker,9,2024-10-16,Male
1368,Alexandra Bates MD,3,2025-10-26,Other
1369,Frank Hall,16,2024-02-12,Male
1370,Ronald Ramos,19,2022-01-21,Male
1371,Christopher Vasquez,5,2023-03-18,Female
1372,Ronald Bradley,2,2024-05-24,Other
1373,Nicholas Parsons,14,2025-09-29,Male
1374,David Santos,2,2024-04-01,Other
1375,Austin Peters,7,2023-05-05,Other
1376,Jessica Smith,3,2022-12-01,Other
1377,Nicole House,20,2021-05-23,Other
1378,Wendy Castillo,6,2022-05-19,Other
1379,Shirley Lucas,7,2025-11-12,Other
1380,Amanda Garcia,6,2024-03-28,Male
1381,Darrell Rodriguez,13,2024-01-25,Male
1382,Tammy Blevins,2,2025-01-04,Other
1383,Valerie Campbell,12,2024-07-28,Female
1384,Robyn Hess,14,2022-01-09,Female
1385,Todd Gutierrez,10,2023-05-24,Male
1386,Sheila Warren,12,2021-08-11,Female
1387,Austin Moran,13,2021-11-15,Male
1388,Brian Parks,9,2023-07-08,Female
1389,Dana Baldwin,9,2023-07-02,Other
1390,Angela Ramsey,18,2025-03-11,Male
1391,Michelle Rose,7,2024-07-07,Male
1392,Jonathan Humphrey,1,2021-04-14,Female
1393,Ashley Watson,6,2025-10-18,Female
1394,Douglas Sharp,14,2025-03-02,Other
1395,Marvin Lewis,20,2025-03-26,Other
1396,James Williams,1,2023-05-15,Female
1397,Mary Knight,18,2024-09-25,Male
1398,Mary Rodriguez,5,2021-06-03,Female
1399,Christie Mcintyre,5,2024-03-02,Other
1400,Amber Gay,13,2025-01-08,Other
1401,Erin Ward,8,2024-10-13,Male
1402,Derrick Mason MD,10,2021-01-16,Male
1403,Raymond Taylor,4,2025-08-24,Female
1404,Jason Montes,8,2023-01-01,Male
1405,Maurice Brandt,16,2021-08-27,Female
1406,Denise Howard,7,2022-04-16,Other
1407,Daniel Johnson,4,2024-10-10,Male
1408,Erin Curtis,12,2022-12-26,Other
1409,Roy May,16,2021-09-05,Female
1410,Tony Frey,15,2023-05-20,Female
1411,Charles Erickson,10,2023-08-03,Other
1412,Kathleen Velazquez,19,2025-05-21,Other
1413,Jason Graham,2,2021-06-07,Female
1414,Anthony Rodriguez,11,2021-08-29,Female
1415,Ryan Harris,3,2021-10-04,Male
1416,Joseph Moss,1,2021-10-08,Male
1417,Brandy Mcdaniel,9,2025-04-16,Female
1418,Benjamin Gamble,8,2025-04-09,Other
1419,Joe Sanchez,2,2021-03-29,Other
1420,Christina Morris,4,2025-11-06,Male
1421,James Rodriguez,1,2022-08-10,Other
1422,Christina Adams,15,2023-08-13,Male
1423,Miss Gina Myers,4,2023-09-03,Male
1424,Nicole Crawford,3,2025-05-22,Male
1425,Jose Knapp,6,2024-03-18,Other
1426,Jennifer Myers,11,2024-04-16,Female
1427,Stephanie Richards,15,2020-12-12,Other
1428,Kimberly White,13,2025-03-23,Male
1429,Daniel Rivers,7,2022-09-06,Male
1430,William Arias,20,2023-06-25,Male
1431,Rebecca Stewart,16,2025-06-21,Female
1432,Jennifer Green,1,2025-08-04,Female
1433,Erica Brewer,9,2023-02-11,Female
1434,Jacqueline Wright DVM,7,2025-02-25,Other
1435,Daniel Martinez,2,2020-12-24,Male
1436,Dawn Scott,1,2024-02-23,Male
1437,Melinda Welch,8,2024-11-15,Female
1438,Katherine Ellis,9,2020-12-14,Female
1439,Amber Manning,13,2022-04-05,Other
1440,Christopher Smith,14,2023-11-19,Other
1441,Mark Farley,11,2023-01-29,Female
1442,Natalie Harris,11,2022-09-08,Female
1443,Ryan Huang,8,2024-02-26,Female
1444,Raven Vaughn,7,2023-08-18,Male
1445,Suzanne Jenkins,15,2020-11-29,Male
1446,Jennifer English,19,2023-05-26,Other
1447,Ralph King,3,2024-06-02,Male
1448,Nancy Mitchell,19,2023-04-28,Other
1449,Ms. Michelle Estrada MD,18,2025-11-21,Other
1450,Samantha Kelly,5,2023-11-27,Female
1451,Karen Everett,19,2025-09-08,Male
1452,Jessica Davidson,19,2024-05-01,Female
1453,Robert Murphy,13,2023-05-23,Female
1454,Emily Taylor,14,2024-03-05,Male
1455,Sherri Shields,2,2022-03-15,Female
1456,Alice Mitchell,15,2021-11-10,Other
1457,Kimberly Richardson,12,2025-08-12,Other
1458,Joshua Sullivan,3,2023-04-15,Female
1459,Mark Cantu,10,2022-02-22,Male
1460,Dr. Jasmine Castro,11,2023-07-23,Female
1461,Anthony Smith,18,2021-07-02,Female
1462,George Murphy,18,2025-09-13,Other
1463,Kristi Friedman,5,2022-08-26,Female
1464,Dr. Dustin Odonnell DVM,10,2023-03-26,Male
1465,Leslie Crawford,13,2020-11-29,Other
1466,Joy Berry MD,20,2024-06-27,Other
1467,Kimberly Delacruz,20,2021-01-02,Female
1468,Michael Bowman,12,2023-01-07,Other
1469,Clifford Flores DDS,6,2024-11-23,Female
1470,Chad Hill,8,2023-01-08,Other
1471,Cindy Padilla,10,2021-12-27,Female
1472,Sarah Chapman,4,2023-12-01,Male
1473,Daniel Dickson,2,2023-10-19,Female
1474,Eric Martinez,18,2024-04-10,Female
1475,Laurie Wilkinson,18,2023-07-17,Female
1476,Julian Yang,13,2025-11-04,Other
1477,Thomas Sanchez,11,2023-07-03,Female
1478,Marco Leonard,13,2021-05-20,Other
1479,Olivia Clay,5,2024-04-06,Other
1480,Adrian Hopkins,16,2024-05-16,Female
1481,Michael Pacheco,4,2025-07-22,Female
1482,Tracy Cook,1,2021-04-05,Female
1483,Richard Dominguez,11,2023-10-29,Female
1484,James Munoz,7,2022-12-05,Male
1485,Crystal Bell,3,2024-11-09,Female
1486,Greg Smith,1,2022-08-13,Female
1487,Tiffany White,2,2022-08-27,Female
1488,Mrs. Amanda Lucas,20,2024-01-15,Other
1489,Amanda Higgins,3,2024-09-10,Female
1490,Melanie Curtis,7,2023-03-24,Other
1491,Sara Burke,1,2024-04-06,Female
1492,Misty Henderson,12,2025-02-14,Other
1493,Jessica Anderson,16,2021-04-25,Male
1494,Pamela Hall,7,2025-03-31,Female
1495,Steven Daugherty,8,2025-10-11,Male
1496,Cassie Sutton,4,2023-09-26,Other
1497,Mitchell Rodriguez,17,2023-05-25,Female
1498,Elizabeth Bennett,10,2024-06-21,Female
1499,Michael Brown,19,2025-03-12,Male
1500,Elizabeth Crane,3,2025-07-27,Female
1501,Terri Schultz,13,2025-02-20,Female
1502,Matthew Mckinney,19,2025-03-01,Male
1503,Alicia Nixon DDS,11,2023-12-23,Other
1504,Alec Spencer,4,2024-06-04,Male
1505,Cory Miller,1,2025-06-19,Female
1506,Jordan Fuller,9,2024-03-17,Female
1507,Charles Hudson,12,2022-12-28,Male
1508,Sue Jones,11,2021-08-22,Male
1509,Dylan Lowe,1,2023-01-18,Female
1510,Wayne Davis,3,2021-10-10,Female
1511,Christina Garcia,4,2023-10-15,Male
1512,Gregory Johnson,16,2024-12-27,Male
1513,James Tyler,8,2022-05-13,Other
1514,Autumn Norton,4,2024-08-22,Female
1515,Amanda Flores,2,2020-12-01,Male
1516,Daniel Crawford,14,2025-11-09,Other
1517,Dawn Parker,6,2023-01-14,Female
1518,Charles Ryan,1,2025-03-19,Other
1519,Wanda Schneider,15,2024-04-03,Other
1520,Cory Smith,11,2023-06-13,Other
1521,Amanda Morgan,10,2024-06-12,Female
1522,Elizabeth Carr,4,2023-06-29,Female
1523,Amy Jones,4,2022-06-01,Female
1524,Sara Watson,17,2023-01-12,Male
1525,Heather Wheeler,18,2022-03-27,Male
1526,April Glenn,3,2021-12-23,Other
1527,Christie Wilkins,8,2025-02-10,Female
1528,Dustin Myers,5,2021-02-23,Male
1529,Adam Smith,9,2025-10-23,Other
1530,Elizabeth Clark,17,2025-09-25,Male
1531,Patricia Franco,5,2021-09-08,Other
1532,Michelle Smith,17,2025-11-10,Male
1533,Nicole Jenkins,8,2025-11-06,Male
1534,Bailey Wu,17,2022-06-10,Other
1535,Claudia Mclaughlin,18,2021-12-26,Female
1536,Jeffrey Carter,19,2023-07-04,Female
1537,Angela Taylor,4,2021-09-14,Male
1538,Adrian Huerta,5,2022-01-13,Male
1539,Krista Morris,3,2023-04-02,Female
1540,Carrie White,13,2023-06-08,Female
1541,Thomas Blackburn,4,2022-07-25,Female
1542,Michele Chandler,4,2021-07-07,Other
1543,Matthew Ware,10,2024-11-04,Female
1544,Erik Richard,5,2024-01-15,Female
1545,Kyle Sanchez,1,2023-05-26,Other
1546,Adam Spencer,11,2023-08-14,Other
1547,Christina Blair,7,2024-04-10,Other
1548,Jonathan Adams,13,2024-01-21,Male
1549,Christopher Sandoval,8,2024-01-30,Male
1550,Edward Reeves,2,2022-03-28,Female
1551,Chad Glass,7,2024-08-03,Male
1552,Matthew Martin,1,2025-01-01,Female
1553,Travis Jordan,18,2021-05-09,Other
1554,Carolyn Jacobs,12,2022-12-04,Male
1555,Margaret Alvarez,5,2023-12-19,Other
1556,Diana Parker,5,2023-03-16,Other
1557,Donald Martinez,19,2021-10-01,Male
1558,Anna Gonzalez,2,2025-09-22,Female
1559,Elizabeth Taylor,10,2023-11-20,Other
1560,Lindsay Combs,8,2021-02-09,Male
1561,Donald Scott,20,2021-11-11,Male
1562,Sarah Hayes,9,2022-01-23,Other
1563,Michael Jones,14,2022-03-14,Other
1564,Terry Walker,15,2022-12-25,Female
1565,Sarah Reid,2,2024-03-24,Male
1566,Mark Montgomery,13,2023-09-23,Male
1567,Maria Werner,8,2021-06-04,Other
1568,George Bartlett,18,2023-07-28,Female
1569,Dawn Reese,16,2021-01-17,Female
1570,Adam Shelton,17,2020-12-08,Other
1571,Joseph Guerra,8,2021-10-03,Other
1572,Kevin Gutierrez,19,2021-12-22,Female
1573,Mr. Michael Wood,6,2023-04-05,Male
1574,Duane Harrington,15,2025-11-19,Male
1575,Patricia Atkins,18,2020-12-14,Female
1576,Richard Le,6,2021-11-15,Other
1577,Philip Chambers,14,2024-08-18,Other
1578,David Alvarez,12,2022-04-15,Female
1579,Charles Obrien,17,2020-12-17,Other
1580,Anthony Porter,4,2021-04-28,Other
1581,Brandy Simon,17,2021-04-06,Male
1582,Melissa Jordan,2,2025-05-05,Female
1583,Elizabeth Baker,10,2020-12-15,Male
1584,Valerie Watts,18,2024-08-01,Female
1585,Katherine Valentine,3,2025-04-20,Male
1586,Dana Rivera,3,2025-09-24,Female
1587,Tina Sims,11,2023-04-28,Other
1588,Christopher White,1,2023-09-08,Female
1589,Paul Smith,5,2025-06-09,Male
1590,Mark Rodriguez,18,2024-11-20,Male
1591,Adam Flores,19,2025-08-15,Other
1592,Cheryl Taylor,19,2025-10-19,Female
1593,Lawrence Robinson,2,2022-08-28,Male
1594,Keith Brown,7,2024-02-10,Male
1595,Andrew Smith,9,2022-08-06,Female
1596,Rachel Nelson,5,2022-01-30,Male
1597,Kyle Brewer,18,2021-02-07,Female
1598,Mark Williams,2,2021-06-04,Female
1599,Timothy Jacobs,16,2024-08-18,Female
1600,Kelsey Richardson,15,2022-05-07,Other
1601,Jennifer Reed,4,2023-04-28,Other
1602,Richard Reeves,9,2023-12-12,Other
1603,Katie Orozco,15,2023-11-20,Male
1604,Patrick Arroyo,6,2021-03-30,Female
1605,Scott Williams,2,2022-06-19,Male
1606,James Stephens,10,2021-10-03,Male
1607,Jennifer Lewis,20,2021-09-22,Other
1608,Rachel Ward,11,2025-04-05,Other
1609,John Munoz,15,2024-03-11,Male
1610,Rodney Jones,18,2023-10-19,Female
1611,Becky Roth,15,2023-08-30,Male
1612,Steven White,19,2023-03-05,Other
1613,Amber Stevenson,19,2021-06-07,Other
1614,Guy James,3,2022-10-13,Male
1615,Colin Harris,3,2025-02-02,Other
1616,Alexander Smith,14,2025-08-12,Female
1617,Daniel Padilla,11,2023-11-04,Female
1618,Patrick Casey,13,2022-11-04,Female
1619,Mr. Anthony Lewis,3,2022-07-26,Female
1620,Brian Scott,12,2022-10-01,Other
1621,Brian Stewart,3,2021-08-09,Other
1622,Jason Leach,13,2021-01-21,Male
1623,Deanna Williams,14,2023-04-21,Female
1624,Kevin Russell,2,2023-09-14,Other
1625,Betty Lee,6,2022-04-24,Male
1626,Tina Harvey,12,2024-08-05,Other
1627,Christopher Vargas,10,2022-09-30,Other
1628,Sean Jackson,17,2021-05-21,Male
1629,Daniel White,19,2021-03-09,Male
1630,Sharon Sosa,1,2025-05-03,Other
1631,Chloe Mitchell DDS,10,2024-10-03,Male
1632,Mrs. Christina Larson,12,2021-07-04,Female
1633,Christopher Odonnell,7,2022-07-25,Other
1634,Kaitlyn Johnson,4,2022-05-13,Female
1635,Donald Hamilton,18,2021-09-19,Other
1636,Jeffrey Johnson,17,2025-06-23,Female
1637,Katrina Martinez,1,2025-04-24,Other
1638,Anthony Cooper,16,2021-02-21,Other
1639,Christopher Owen,2,2025-07-15,Female
1640,Jonathan Fuller,9,2023-09-02,Female
1641,Travis Mason,6,2021-02-13,Other
1642,Kirsten Snyder,1,2021-03-17,Male
1643,Danielle Gonzalez,17,2025-02-22,Other
1644,Ashley Bridges,20,2025-06-19,Other
1645,Renee Austin,20,2022-08-20,Male
1646,Lisa Conway,5,2020-11-24,Other
1647,Sean Carter,10,2023-02-08,Female
1648,Stephen Rivas,14,2023-08-30,Female
1649,Matthew Bridges,5,2024-07-26,Male
1650,Todd Valdez,13,2024-12-06,Other
1651,Crystal Mcdaniel,17,2021-05-11,Male
1652,Patrick Herrera,20,2024-01-30,Female
1653,Katherine Gonzalez,16,2023-09-17,Other
1654,Corey Bradshaw,10,2025-08-21,Male
1655,Laura Cruz,15,2022-12-07,Male
1656,Christopher Hall,12,2021-08-29,Female
1657,Latoya Reyes,8,2022-01-13,Female
1658,Laura Allen,16,2024-08-16,Female
1659,Stephanie Pena,1,2021-06-08,Male
1660,Ryan Dalton,13,2021-10-03,Other
1661,Brandon Brown,11,2022-11-27,Other
1662,Kayla Rivera,1,2021-01-03,Other
1663,Cathy Davis,13,2024-04-10,Male
1664,Michael Clarke,4,2022-07-18,Other
1665,Joel Lopez,6,2024-07-14,Female
1666,Andrew Ayala,8,2025-06-23,Male
1667,Alyssa Johnson,11,2025-07-08,Female
1668,Jennifer Mcpherson,7,2025-04-09,Other
1669,Megan Anderson,20,2023-01-03,Other
1670,Amy Cruz,12,2022-10-18,Male
1671,Gregory Collins,7,2025-05-02,Male
1672,Austin Evans,18,2020-12-27,Male
1673,Lauren Montgomery,3,2022-04-13,Male
1674,Blake Richards,6,2021-06-21,Other
1675,Megan Thomas,4,2021-01-03,Female
1676,Jesse Torres,3,2021-08-16,Other
1677,Sean Holt,17,2023-09-01,Female
1678,Jonathan Nicholson,17,2023-08-14,Female
1679,Rodney Collins,1,2025-04-15,Male
1680,Robert Palmer,15,2023-03-29,Male
1681,Jared Smith,3,2022-07-16,Male
1682,Christopher Perry,5,2022-12-09,Other
1683,Dennis Rice,1,2025-02-11,Female
1684,Charles Jackson,18,2021-07-31,Female
1685,Ashley Lee,17,2023-11-30,Other
1686,Janice Becker,5,2021-04-01,Female
1687,Regina Graham,17,2025-01-10,Male
1688,James Flynn,11,2023-10-10,Male
1689,Sean Roberts,6,2023-01-05,Male
1690,Heather Jackson,8,2022-09-10,Other
1691,Amber Bryant,7,2024-11-22,Female
1692,Steven Berger,12,2025-05-17,Male
1693,Sherry Watson,18,2021-11-06,Female
1694,Brian Campbell,12,2021-04-29,Female
1695,Todd Chambers,4,2024-06-04,Other
1696,Stacy Bowers,14,2024-01-03,Female
1697,Alexis Schmidt,12,2025-02-01,Male
1698,Michael Smith,3,2022-05-19,Male
1699,Lisa Welch,19,2025-10-04,Female
1700,Cheryl Wilson,5,2023-08-20,Other
1701,Nathan Cabrera,18,2024-01-08,Other
1702,Brian Boyer,10,2023-04-19,Male
1703,Lisa Thompson,11,2025-02-18,Female
1704,Jonathan Smith,17,2025-05-28,Male
1705,David Smith,1,2022-05-31,Male
1706,Terry Hall,13,2025-09-11,Other
1707,Bradley Black,5,2022-06-18,Other
1708,John Scott,15,2024-02-10,Female
1709,Kyle Lowery,6,2020-12-08,Other
1710,Ronnie Johnston,18,2023-04-05,Male
1711,Sabrina Rogers,20,2023-01-10,Male
1712,Sarah Atkins,5,2025-10-01,Male
1713,Leah Rivera,8,2021-06-23,Female
1714,Eric Gray,15,2023-02-08,Male
1715,Erica Bowman,1,2021-02-10,Female
1716,Kevin Carr,2,2021-08-07,Female
1717,Lucas Jones,10,2020-12-27,Male
1718,Jennifer Bailey,12,2023-05-09,Male
1719,Sean Perkins,3,2024-09-11,Female
1720,Ryan Evans,6,2023-03-16,Female
1721,Daniel Johnson,9,2023-02-15,Female
1722,Denise Brown,9,2022-08-07,Male
1723,Chelsea Williams,2,2024-10-04,Female
1724,Bethany White,8,2023-04-22,Female
1725,Samuel Alexander,20,2024-07-03,Male
1726,Victor Stokes,3,2024-02-08,Other
1727,Jeremy Smith,8,2024-10-14,Male
1728,Anthony Moss,9,2025-01-23,Other
1729,Steven Butler,17,2022-11-26,Female
1730,Theodore May,20,2022-01-01,Female
1731,Andrea Howard,16,2022-04-06,Male
1732,Molly Heath,9,2025-02-10,Other
1733,Tonya Myers,6,2021-02-01,Male
1734,Adrian Li,18,2022-10-12,Female
1735,Amber Smith,11,2024-12-14,Female
1736,Garrett Mercer,11,2021-11-18,Female
1737,Gary Powell,20,2022-06-14,Male
1738,Evan Stout,10,2024-03-20,Other
1739,John Thompson,12,2022-04-20,Other
1740,Jamie Atkins,2,2022-08-29,Male
1741,Corey Harvey,15,2023-09-16,Other
1742,Greg Ellis,1,2022-11-25,Female
1743,Joseph Mclaughlin,5,2023-01-18,Male
1744,Daniel Rice,5,2023-12-28,Other
1745,Robert Humphrey,15,2023-12-24,Male
1746,Brianna Nelson,6,2022-10-07,Male
1747,John Valentine,20,2022-02-11,Other
1748,Leah Williams,13,2022-06-25,Other
1749,Eric Rosario,16,2025-05-02,Male
1750,Alyssa Mcpherson,13,2025-02-09,Male
1751,Melissa Coleman,10,2024-03-28,Female
1752,Joseph Thompson,19,2022-05-12,Other
1753,Jessica Schneider,4,2021-03-23,Male
1754,Jill Garner,1,2022-12-17,Other
1755,Kelly Clark,4,2024-05-03,Male
1756,Anthony Zuniga,12,2022-05-20,Female
1757,Ryan Nash,9,2020-12-19,Other
1758,Juan Sherman,12,2023-07-03,Female
1759,Miss Kathleen Gonzales,7,2025-04-11,Other
1760,Steven Moore,7,2021-02-28,Female
1761,Lisa Wilkinson,13,2024-06-18,Female
1762,John Stevens,13,2024-05-23,Male
1763,Albert Miller,19,2023-05-30,Male
1764,Michele Romero,15,2021-09-19,Male
1765,Kimberly Robinson,6,2025-02-24,Other
1766,Mrs. Natalie Peck,10,2022-11-07,Other
1767,Gary Calderon,15,2023-10-16,Male
1768,Terri Hill,20,2023-10-02,Female
1769,Keith Cook,14,2024-11-23,Other
1770,Gregory Holmes,8,2022-06-21,Female
1771,Jonathan Harvey,15,2025-10-20,Female
1772,John Rivera,13,2025-11-22,Male
1773,Edward Powell,15,2023-01-18,Other
1774,Jennifer Stevens,12,2023-02-06,Female
1775,Yolanda Mccarty,8,2023-12-02,Other
1776,Laura Crawford,18,2022-11-27,Other
1777,Bruce Johnson,10,2022-03-14,Male
1778,William Lynch,10,2024-06-01,Male
1779,Gregory Thomas,11,2025-09-28,Male
1780,Connie Mckenzie,7,2024-07-01,Female
1781,Stephanie Burton PhD,8,2021-09-26,Male
1782,Michelle Smith,9,2023-11-12,Male
1783,Catherine Allen,11,2023-03-19,Female
1784,Michael Roberts,10,2022-11-25,Male
1785,Wesley Miles,8,2024-09-06,Female
1786,Steven Vasquez,20,2023-07-08,Male
1787,Madison Bowen,9,2025-01-02,Female
1788,Jessica Brown,10,2022-08-15,Male
1789,Edward Wiley,11,2024-11-23,Other
1790,Kelly Lambert,19,2023-11-23,Male
1791,Amanda Thomas,12,2024-09-05,Female
1792,Cynthia Barnes,14,2024-08-31,Other
1793,Jorge Dominguez,11,2023-06-10,Other
1794,Mark Curry,12,2025-02-25,Male
1795,Joanna Diaz,6,2022-09-03,Other
1796,Daniel Rodriguez,2,2023-05-04,Male
1797,Samantha Young,17,2023-09-03,Male
1798,Jasmine Cruz,17,2021-10-13,Female
1799,Jordan Russell,14,2020-12-10,Female
1800,Monica Mullins,3,2020-12-21,Male
1801,Stacy Sherman,20,2023-05-03,Female
1802,Bethany Moran,6,2022-11-03,Other
1803,James Jones,6,2023-05-05,Female
1804,Christina Marshall,12,2021-09-17,Female
1805,Anita Lee,5,2024-03-12,Other
1806,Edwin Finley,17,2023-03-16,Other
1807,Jeffrey Mitchell,16,2025-11-15,Male
1808,Dana Fernandez,17,2021-06-02,Male
1809,Rhonda Levy,14,2023-11-07,Male
1810,Cassandra Flynn,13,2022-05-27,Male
1811,Diana Morales,18,2025-05-14,Male
1812,Pamela Jackson,7,2022-05-08,Female
1813,Lindsay Smith,6,2024-08-06,Female
1814,Linda Mckay,16,2021-05-30,Female
1815,James English,9,2025-11-22,Male
1816,Jessica Jones,8,2024-08-18,Female
1817,Jake Arnold,4,2024-04-02,Female
1818,John Jones DDS,13,2021-10-04,Male
1819,Mark Mcdonald,1,2023-02-26,Male
1820,Diane Moreno,18,2024-08-11,Other
1821,Benjamin Williams,4,2022-06-17,Male
1822,Stacy Cook,10,2020-12-21,Female
1823,David Walker,15,2022-03-24,Male
1824,Shannon Parker,7,2023-06-06,Male
1825,Leah Macias,1,2021-08-05,Male
1826,Janet Moore,9,2024-07-28,Other
1827,Logan Gonzalez,18,2023-10-10,Female
1828,Angela Casey,7,2023-02-23,Female
1829,Karen Hampton,19,2023-02-09,Female
1830,Terry Evans,1,2025-05-24,Female
1831,Erika Flores,8,2021-02-07,Female
1832,Tara Edwards,15,2024-02-26,Male
1833,Christine Hughes,11,2024-11-29,Male
1834,Kathleen Calhoun,14,2022-02-17,Male
1835,Phyllis Curtis,15,2022-07-19,Male
1836,Amber Matthews MD,2,2024-03-11,Male
1837,Anthony Phillips,4,2023-01-09,Male
1838,Jasmine Blanchard,2,2023-07-22,Other
1839,Angel Marshall,19,2021-04-08,Other
1840,Jaime Parrish,7,2023-03-14,Male
1841,Heather Murray,7,2024-09-30,Male
1842,David Cook,12,2021-08-13,Male
1843,Mrs. Anna Hall DDS,6,2022-09-20,Female
1844,Jennifer Martinez,16,2024-07-16,Male
1845,Joshua Bradford,17,2025-09-18,Male
1846,Jermaine Jones,15,2023-12-06,Male
1847,Carrie Green,11,2022-04-04,Male
1848,Alicia Reid,11,2025-02-06,Male
1849,Andrew Conley,5,2025-10-31,Male
1850,Kirk Cardenas,2,2023-05-15,Female
1851,David Garcia,7,2022-04-09,Male
1852,Christine Cooper,17,2021-02-02,Female
1853,Jeff Scott,5,2021-02-28,Male
1854,James Mccullough,20,2024-09-04,Other
1855,Mr. Ronald Cantu,11,2021-04-20,Other
1856,Beth Lopez,2,2021-04-13,Male
1857,Jennifer Wallace,10,2021-02-10,Female
1858,Brittney Snyder,5,2022-10-24,Other
1859,Lauren Le,2,2024-09-06,Male
1860,John Scott,10,2023-05-21,Female
1861,Amanda Watson,2,2024-07-16,Other
1862,Robert Wright,5,2022-12-16,Male
1863,Theresa Smith,13,2021-02-17,Other
1864,Gary Fitzgerald,13,2022-12-23,Male
1865,Douglas Andrews,5,2020-12-23,Female
1866,Michael Hawkins,17,2023-01-10,Female
1867,Brendan Johnson,5,2025-06-17,Female
1868,Steven Jordan,15,2024-01-16,Other
1869,Jason Huang,10,2025-01-27,Female
1870,Holly Vance,9,2022-01-04,Male
1871,Nicholas Johnson,4,2024-05-23,Female
1872,Craig Johnston,6,2025-01-03,Other
1873,Wayne Morales,13,2021-05-10,Other
1874,John Young,14,2025-06-17,Male
1875,Rose Hoffman,19,2023-08-20,Female
1876,Jennifer Cook,3,2023-01-14,Male
1877,Crystal Carr,10,2023-03-18,Other
1878,Taylor Sawyer,16,2023-03-02,Other
1879,Carla Mccoy,16,2024-03-04,Other
1880,Timothy Bryant,9,2022-01-18,Other
1881,Samantha Quinn,12,2021-03-12,Male
1882,Courtney Daniels,11,2025-04-07,Male
1883,Tamara Allen,13,2023-10-30,Male
1884,Marcus Brown,17,2024-02-07,Female
1885,Derrick Adams,16,2023-12-26,Other
1886,Steven Cooper,15,2021-07-08,Female
1887,Joshua Gomez,15,2023-01-18,Other
1888,Ronald Shaw,19,2023-11-11,Other
1889,Mr. Phillip Patrick,6,2025-09-26,Male
1890,Jason Morrison,17,2021-09-20,Other
1891,Brandy Williams,18,2021-10-31,Male
1892,Rachel Lara,11,2024-08-30,Female
1893,Joshua Wilson,20,2024-04-26,Other
1894,Kenneth Sims,12,2025-05-22,Female
1895,Amanda Cook,10,2024-11-17,Male
1896,Darren Francis,6,2021-03-10,Male
1897,Melissa Patel,12,2024-01-17,Male
1898,Elizabeth King,7,2021-02-13,Female
1899,Laura Rodriguez,15,2022-04-05,Female
1900,Chelsea Clark,7,2021-12-31,Other
1901,Zachary Kent,8,2024-06-25,Male
1902,Lisa Nichols,9,2022-05-07,Male
1903,Theresa Crawford,5,2021-09-21,Other
1904,Jenny Martinez,16,2022-12-29,Male
1905,Jeffrey Frost,5,2021-12-02,Male
1906,Kathleen Peterson,11,2022-07-14,Male
1907,James Blake,3,2022-02-10,Male
1908,Donald Brennan,5,2021-05-25,Other
1909,Jill Brock,17,2024-09-08,Male
1910,Danielle Simpson,10,2024-11-17,Other
1911,Daniel Andrews,13,2022-11-25,Female
1912,Jacob Wilkerson,1,2023-07-04,Male
1913,Keith Richardson,2,2022-04-30,Female
1914,David Miles,19,2021-09-04,Other
1915,Andrew Love,1,2023-06-19,Other
1916,Lisa Bradley,17,2025-03-15,Other
1917,Kimberly Hogan,19,2023-10-18,Male
1918,David Jackson,6,2023-08-21,Female
1919,William Fitzpatrick,4,2021-06-20,Female
1920,Benjamin Mitchell,12,2025-06-07,Female
1921,Nancy Wilson,19,2024-01-19,Other
1922,Ethan Brewer,19,2022-01-29,Female
1923,Kara Cooper,2,2025-02-28,Other
1924,Christopher Bennett,18,2022-01-18,Male
1925,Megan Montoya,19,2021-04-19,Female
1926,Omar Ward,6,2023-10-14,Female
1927,Thomas Graves,3,2025-09-08,Other
1928,Robin Obrien,17,2021-04-02,Other
1929,Joshua Murphy,16,2023-01-28,Female
1930,Patrick Garner,7,2025-06-13,Male
1931,Sean Martin,13,2023-12-24,Female
1932,Rachel Prince,16,2023-11-04,Female
1933,William Turner,10,2023-08-04,Male
1934,Shannon Harris,19,2023-10-04,Male
1935,John Thomas,1,2021-04-05,Female
1936,Natasha Pruitt,4,2021-05-30,Female
1937,Adam Holland,20,2024-05-05,Other
1938,Kevin Black,13,2021-11-18,Other
1939,Ronald Brown,17,2025-11-19,Female
1940,Carol Davis,2,2023-03-28,Female
1941,David Dean,7,2023-04-03,Female
1942,Tracy Delgado,12,2022-05-23,Other
1943,Robert Graham,1,2023-12-08,Male
1944,Ryan Eaton,11,2024-04-12,Male
1945,Priscilla Newman,9,2024-12-18,Female
1946,Jason Graham,12,2021-08-16,Female
1947,Jennifer Clark,8,2023-03-23,Female
1948,Adam Haynes,17,2022-04-23,Male
1949,Ann Henderson,10,2025-07-08,Other
1950,Ricky Russo,19,2022-06-26,Other
1951,Tamara Johnson,6,2024-08-28,Other
1952,Samuel Lowe,7,2024-11-10,Male
1953,Mr. Shaun Ayala,20,2021-06-21,Female
1954,Erica Horton,12,2024-08-29,Other
1955,Rachael Duncan,4,2022-08-22,Other
1956,Karen Oneal,14,2025-10-13,Male
1957,Austin Harding,8,2024-07-03,Female
1958,Marcus Patterson,11,2021-02-15,Other
1959,Stacy Moore,12,2021-06-29,Female
1960,Raymond Anderson,8,2024-05-11,Female
1961,Leah Moreno,2,2024-11-08,Other
1962,Christina Cunningham,19,2021-04-08,Other
1963,Julie Harvey,8,2023-05-03,Male
1964,Dorothy Case,2,2021-10-10,Female
1965,Lawrence Zhang,19,2022-02-03,Other
1966,Julie Nelson,6,2025-04-23,Female
1967,Briana Johnson,19,2022-08-10,Male
1968,Christine Baker,20,2023-10-29,Female
1969,Jeremy Jackson,10,2025-04-01,Female
1970,Laura Wright,14,2025-01-16,Other
1971,Stacy Ward,16,2024-10-17,Male
1972,Ashley Wilson,7,2025-02-10,Other
1973,Jeffrey Allen,17,2022-12-25,Female
1974,Eric Torres,3,2025-03-03,Male
1975,Travis Lambert,20,2022-05-28,Other
1976,Nicholas Roach,2,2021-10-31,Female
1977,Valerie Dickerson,18,2021-04-01,Male
1978,Darlene Lopez,9,2021-11-22,Other
1979,Tina Wong,18,2023-03-16,Other
1980,Brian Preston,14,2022-06-26,Male
1981,Veronica Stark,9,2021-12-25,Male
1982,Katie Adams,3,2021-09-01,Other
1983,Jennifer Carter,13,2023-06-20,Male
1984,Lynn Wilson,10,2025-09-08,Female
1985,Dana Brady,15,2023-05-28,Male
1986,Christopher Anderson,2,2022-06-18,Female
1987,Michelle Jones,3,2022-01-28,Other
1988,Ryan Obrien,20,2024-07-15,Other
1989,Stephanie Bennett,13,2025-07-31,Male
1990,Aaron Montoya,8,2022-12-27,Male
1991,Robert Moreno,6,2022-06-12,Female
1992,Joy Galvan,13,2021-10-15,Female
1993,Pamela Anderson,15,2024-02-02,Female
1994,Jean Taylor,8,2023-09-02,Male
1995,Adam Pope,15,2025-06-11,Male
1996,James Murphy,20,2022-07-19,Other
1997,Carol Jackson,20,2022-11-05,Male
1998,Heidi Harris,7,2022-09-09,Other
1999,Karen Shields,8,2022-10-22,Other
2000,Steven George,1,2021-03-17,Male
