CustomerID,City,State,AgeGroup
1,New Jacob,OK,36-45
2,Lake Sethside,SD,46-60
3,Hartfurt,TN,46-60
4,Barkerland,ND,18-25
5,South Derrick,ID,26-35
6,Jamesport,WA,36-45
7,Munozmouth,FL,26-35
8,Lake Robert,IA,26-35
9,Port Tracey,MN,26-35
10,South Cynthia,IL,26-35
11,West Steven,OK,18-25
12,Derekchester,IL,18-25
13,Sheilabury,WI,36-45
14,North Savannah,WA,36-45
15,South Rachel,UT,18-25
16,West Brianborough,PA,18-25
17,South Kimberlyton,WY,46-60
18,Petersside,OK,36-45
19,Scottburgh,AZ,46-60
20,Nobleland,ID,18-25
21,West Branditown,ID,18-25
22,South Vanessaville,MN,18-25
23,Jonesland,OH,26-35
24,Duarteville,OR,36-45
25,North Patricia,WY,36-45
26,Tonyberg,NH,36-45
27,South Angelicaland,OK,26-35
28,Sheppardmouth,VT,36-45
29,Port Shannon,WI,36-45
30,Perryton,MO,36-45
31,East Emilystad,TN,46-60
32,Andrewbury,WA,36-45
33,North Melissaport,NV,18-25
34,Lake Douglasbury,CT,26-35
35,Patriciafurt,VA,18-25
36,Lake Gloriafurt,ND,46-60
37,South Taraside,AK,18-25
38,Jessicaton,VA,18-25
39,Port Josephton,AK,18-25
40,Ashleyside,ND,18-25
41,Maryberg,AR,46-60
42,Stoneland,ND,36-45
43,Gailshire,HI,26-35
44,Davisshire,LA,36-45
45,West Rhondaside,SD,26-35
46,Pierceville,KY,18-25
47,Chenburgh,SD,46-60
48,North Emily,FL,46-60
49,Theresaton,SD,26-35
50,Moodyside,GA,36-45
51,Parkerstad,LA,36-45
52,North Jennifer,WV,46-60
53,Maldonadoshire,WV,18-25
54,Ballville,OH,18-25
55,Jonathanburgh,IN,26-35
56,Thomasborough,MI,26-35
57,Morristown,KY,18-25
58,Walkerville,TX,36-45
59,Lozanofurt,NE,36-45
60,Gregoryfort,MS,26-35
61,Murphyport,GA,18-25
62,New Wanda,FL,46-60
63,South Samantha,VT,46-60
64,New Cody,MI,36-45
65,Kevinmouth,AK,26-35
66,Michelleview,AK,46-60
67,North Tammy,AR,46-60
68,Morrisonview,CT,18-25
69,Port Danielle,UT,36-45
70,Johnview,CA,36-45
71,Brownton,VA,26-35
72,East Paul,DE,18-25
73,East Michaelchester,DE,18-25
74,West Robert,WY,36-45
75,Malonemouth,NM,36-45
76,Debrafort,UT,26-35
77,Patriciahaven,MT,18-25
78,Maciasmouth,VA,26-35
79,East Amberfort,SC,36-45
80,Stacybury,SC,46-60
81,West Patrick,AR,36-45
82,Lake Amy,NJ,36-45
83,Robinsonmouth,SD,46-60
84,East Robin,NH,46-60
85,Butlerhaven,MN,36-45
86,New Scottport,TX,46-60
87,Lake Edward,AK,46-60
88,Sonyafurt,VA,26-35
89,Leeberg,LA,26-35
90,West Michael,NH,26-35
91,Lake Jennifer,ME,36-45
92,Howardmouth,IL,36-45
93,East Alvin,TX,46-60
94,East Jasonport,NC,46-60
95,Richardstown,MT,36-45
96,Lake Tyler,HI,36-45
97,North Christopher,LA,36-45
98,Jerryshire,MA,46-60
99,Lake Jenniferberg,WA,26-35
100,New Dennisview,NY,18-25
101,Donnafurt,MI,46-60
102,Stephaniefort,TN,18-25
103,Port Dianaside,AL,18-25
104,Keithville,MS,46-60
105,New Christopherfort,RI,36-45
106,West Robertburgh,MI,18-25
107,New Michaelstad,SD,26-35
108,Flynnborough,MO,26-35
109,Powersbury,OR,36-45
110,Port Jeremiah,GA,26-35
111,Joyport,KS,26-35
112,Wangland,NM,18-25
113,Lake Jasmine,NH,46-60
114,Jonesfurt,NY,46-60
115,New Scotthaven,TX,36-45
116,Matthewside,MN,46-60
117,Huntport,CT,18-25
118,Port Phillip,NM,26-35
119,Lake Arianaberg,KS,26-35
120,North Nicolas,VT,46-60
121,East Jenniferport,SD,36-45
122,Port Jeffreychester,AZ,46-60
123,Port Adrianport,NC,46-60
124,Port Jacobchester,WY,36-45
125,New Christopherbury,UT,18-25
126,Jeffreyborough,UT,18-25
127,Port Patrick,TN,26-35
128,Rachelton,ND,46-60
129,North Aliciabury,NJ,26-35
130,Lake Steven,CO,36-45
131,Delacruzbury,CO,26-35
132,Samanthabury,IN,36-45
133,Patriciabury,AK,36-45
134,Tylerberg,TN,36-45
135,Jeremymouth,WA,36-45
136,Castroborough,WY,36-45
137,Millerstad,DE,46-60
138,Riceside,ME,26-35
139,Richardport,NM,36-45
140,Martinezland,MD,18-25
141,New Jamesville,NM,36-45
142,Carpenterburgh,MO,36-45
143,South Yolandastad,HI,26-35
144,Michaelmouth,OK,46-60
145,New Scott,MO,36-45
146,Boydville,AK,26-35
147,Clarkland,NY,18-25
148,Lake Christian,NM,18-25
149,Melendezstad,ME,46-60
150,Porterborough,ID,36-45
151,Chadland,NC,36-45
152,New Andreamouth,WI,36-45
153,Bakerberg,VA,18-25
154,Griffinstad,IN,46-60
155,Morganfurt,AL,46-60
156,Herringmouth,IN,46-60
157,Carterburgh,HI,18-25
158,New Kelseyport,DC,46-60
159,Pereztown,OH,18-25
160,Rochaside,TN,46-60
161,Port Kellishire,AZ,26-35
162,Youngton,WY,18-25
163,Stephanieton,NJ,36-45
164,Amberville,MI,46-60
165,West Jamie,MI,18-25
166,East Jessicaland,ME,26-35
167,Nashhaven,NE,46-60
168,Craigfort,IA,46-60
169,Padillahaven,ID,36-45
170,Johnsonmouth,MT,46-60
171,Juliefurt,UT,36-45
172,Kevinton,LA,36-45
173,Dianeburgh,MS,18-25
174,South Destinyside,IN,26-35
175,Hollyport,NC,26-35
176,Carpenterside,FL,36-45
177,Haleyhaven,ID,36-45
178,Barnesfort,WV,36-45
179,Haileyhaven,PA,46-60
180,Acevedofurt,ME,18-25
181,Harveyport,VT,26-35
182,Lisaland,FL,18-25
183,Millerbury,MT,26-35
184,Rogersmouth,VT,46-60
185,Walshborough,VA,18-25
186,North Frederickfort,VA,36-45
187,West Vanessa,NM,18-25
188,North Donaldborough,SD,46-60
189,East Karenhaven,MS,46-60
190,Charlesstad,TX,36-45
191,Wareport,OR,36-45
192,Reneeburgh,MS,18-25
193,Taraview,GA,26-35
194,Harrisport,SC,46-60
195,Wesleyshire,MS,26-35
196,Leefurt,SD,26-35
197,Cameronshire,LA,26-35
198,Port Jennifermouth,WA,18-25
199,Lake Emily,MN,26-35
200,West Brian,ND,46-60
201,Alexandriabury,MD,18-25
202,North Brett,SC,18-25
203,Kingport,AZ,18-25
204,Lake Richardmouth,NC,36-45
205,North Robert,SD,36-45
206,New Prestonton,NM,18-25
207,West Brittanymouth,PA,36-45
208,Jamesland,NC,18-25
209,East Michael,OK,46-60
210,South Veronica,GA,46-60
211,Frankview,DE,26-35
212,Lisafurt,AZ,36-45
213,West Desiree,AK,36-45
214,Juliefurt,ID,46-60
215,West Deborah,HI,18-25
216,East Henryside,AR,36-45
217,Dianaland,LA,18-25
218,Hartmanchester,MO,46-60
219,North Shannon,TX,46-60
220,Valenciaport,ME,26-35
221,Richardsonberg,TX,36-45
222,Levytown,LA,26-35
223,Williammouth,NV,46-60
224,Theresaburgh,NY,36-45
225,Cookshire,NJ,46-60
226,North Jefferyfort,MO,46-60
227,Lisaberg,CT,36-45
228,Port Craig,VT,26-35
229,Angelborough,ME,46-60
230,East Brooke,RI,18-25
231,West Teresaview,WY,26-35
232,Dakotafurt,NH,36-45
233,Snyderport,KS,36-45
234,North Marcusfort,IL,46-60
235,Coxton,OH,46-60
236,Aprilland,WI,26-35
237,Thomastown,KY,18-25
238,Ericport,NV,46-60
239,Lake Alexanderfort,VT,26-35
240,Chrisshire,VA,18-25
241,Kathleenfurt,CA,46-60
242,Port Isaiah,AL,18-25
243,Monicaside,AZ,18-25
244,Annechester,CT,26-35
245,West Davidchester,NY,26-35
246,New Tarahaven,NH,36-45
247,Stevenmouth,NJ,36-45
248,North Terrishire,ME,36-45
249,Smithton,SC,46-60
250,Lake Andrew,ID,26-35
251,West Tina,ID,26-35
252,West Brandiside,ID,36-45
253,Stephenborough,RI,18-25
254,North Michaelton,OK,46-60
255,Lake Jeffhaven,FL,26-35
256,Port John,MN,46-60
257,New Aliciaport,HI,26-35
258,Randymouth,ND,26-35
259,Jasonchester,NJ,26-35
260,Scottstad,FL,46-60
261,South Stephen,DE,26-35
262,Emilymouth,MT,26-35
263,Lake Robynport,OH,36-45
264,New Amyborough,KS,26-35
265,New Elizabethton,WI,36-45
266,Tiffanyfurt,NM,36-45
267,Lake Thomaston,ND,18-25
268,Port Brian,OR,18-25
269,New Amyfort,IA,36-45
270,West Daniel,IL,18-25
271,Garybury,ID,36-45
272,Port Christinemouth,PA,46-60
273,Lake Lisa,DC,26-35
274,West Ryanfurt,AR,26-35
275,Port Jennifermouth,MA,46-60
276,Lake Lindahaven,CO,26-35
277,Lake Jerrystad,LA,36-45
278,Rojasview,TN,18-25
279,Campbellmouth,MN,18-25
280,West Lisa,FL,18-25
281,Port Aimeechester,DE,46-60
282,Longstad,OR,36-45
283,Derekport,VA,46-60
284,Lamstad,ME,46-60
285,South Michael,ID,46-60
286,Laurenburgh,IL,26-35
287,South Jennifer,HI,36-45
288,Hammondmouth,NJ,46-60
289,Angelahaven,MO,18-25
290,Johnsonmouth,AL,18-25
291,Raymondborough,MT,26-35
292,Kevinport,UT,46-60
293,South Laurenside,VT,36-45
294,Graymouth,CO,26-35
295,Ramirezberg,OR,18-25
296,Tiffanyhaven,NV,18-25
297,West Carolyn,MI,26-35
298,Shirleychester,KY,46-60
299,East Rebecca,VT,46-60
300,Michaelbury,MD,36-45
301,Shelleybury,CA,26-35
302,Geraldstad,WV,46-60
303,East Carolynfurt,KS,46-60
304,Donnabury,NV,46-60
305,Contrerasshire,HI,46-60
306,Hallberg,UT,18-25
307,Lopezhaven,NM,26-35
308,Ryanview,AZ,26-35
309,Stevenstad,MN,46-60
310,Burchville,CT,46-60
311,Port Sherriburgh,CO,18-25
312,Johnsonmouth,NJ,46-60
313,Richardsborough,MS,26-35
314,West Bethmouth,LA,26-35
315,Heatherborough,ID,46-60
316,Jameston,VA,46-60
317,West Amy,AR,18-25
318,Shermantown,WY,26-35
319,Kristiton,KY,46-60
320,Port Kaylaburgh,NV,46-60
321,Lake Christineside,UT,18-25
322,South Rhonda,OK,26-35
323,North Kelsey,MS,18-25
324,South Kimberly,NV,18-25
325,Moonville,MO,46-60
326,North Robert,IN,36-45
327,Stonemouth,UT,18-25
328,Destinytown,NH,46-60
329,New Joseborough,MN,36-45
330,Myerston,NV,36-45
331,Alexanderfurt,FL,46-60
332,West Masonberg,VT,46-60
333,Leechester,CT,46-60
334,West Jeffrey,UT,26-35
335,East Todd,IA,18-25
336,Millerbury,KS,26-35
337,Cynthiahaven,SC,36-45
338,Gamblefort,SD,36-45
339,Tylerton,WI,46-60
340,South Davidmouth,SC,18-25
341,Port Johnnyborough,OR,18-25
342,South Brittany,WY,36-45
343,Meyerbury,LA,46-60
344,Kristinastad,UT,26-35
345,East Stephaniehaven,UT,36-45
346,Justinview,IA,18-25
347,East Lori,VT,46-60
348,Bethanyland,NM,26-35
349,Pamelamouth,AL,26-35
350,West Gregoryfurt,WI,18-25
351,Lopezmouth,AR,18-25
352,Lake Davidstad,KY,46-60
353,New Amanda,GA,46-60
354,South Maria,IA,26-35
355,West Matthewshire,CT,46-60
356,Hunterton,ME,46-60
357,Greeneport,NH,46-60
358,West Michaelburgh,DC,36-45
359,Port Jasmine,DC,46-60
360,Flynnchester,NC,26-35
361,West Darylville,WI,36-45
362,Meyerview,NC,36-45
363,Gregoryhaven,MO,36-45
364,Kristentown,WV,36-45
365,Meyermouth,MD,46-60
366,Summersstad,OK,36-45
367,Toddmouth,OR,36-45
368,Lake Monicamouth,VT,46-60
369,South Eric,NM,26-35
370,West Pamela,MA,36-45
371,Morenobury,DC,36-45
372,Amyville,MT,18-25
373,Jonesberg,CT,18-25
374,Mariaview,CA,36-45
375,Alexanderbury,NV,26-35
376,Justinshire,WI,18-25
377,Smithport,RI,18-25
378,Smithbury,GA,46-60
379,South Jennifer,KS,36-45
380,Robertshire,MI,46-60
381,Bensonstad,TN,36-45
382,East Ronald,KS,18-25
383,Port Thomas,LA,46-60
384,New Chelseaton,ID,26-35
385,New Lisa,CT,26-35
386,New Danielview,MA,36-45
387,West Andrewville,VA,46-60
388,Wellsview,MI,36-45
389,Paulstad,KY,46-60
390,New Hollymouth,NJ,36-45
391,Lake Tristanberg,IA,36-45
392,Huntchester,CA,36-45
393,Margaretfort,VT,18-25
394,East Ryanmouth,GA,26-35
395,West Emilyton,IN,26-35
396,Lake Markport,ME,26-35
397,Paulmouth,DC,26-35
398,East Georgefort,NH,46-60
399,West Luis,MO,26-35
400,Lake Maryport,TX,36-45
401,Weberfurt,MN,36-45
402,Brittanyview,OH,26-35
403,Alejandrochester,MN,36-45
404,Higginsborough,ME,36-45
405,North Joelton,ME,26-35
406,Port Kayla,LA,26-35
407,South Kristiemouth,ND,26-35
408,Douglasborough,MD,26-35
409,East Richard,IL,46-60
410,New Robertfurt,TX,46-60
411,Hernandezshire,DE,26-35
412,Williamberg,WY,46-60
413,Coopershire,NJ,36-45
414,Jeffreystad,IA,18-25
415,South Michelleborough,GA,26-35
416,Lake Douglaschester,IN,26-35
417,Draketown,OK,26-35
418,East Rachel,CO,18-25
419,Melissaside,NM,46-60
420,Vasquezfort,AR,26-35
421,Lake Shanemouth,HI,18-25
422,Thomasville,DE,18-25
423,Port Briannaside,IN,36-45
424,Lake Kimberly,VT,26-35
425,South Anthony,OK,18-25
426,South Erica,PA,18-25
427,Lake Amyhaven,SC,18-25
428,New Scott,CO,36-45
429,Thomasshire,DE,46-60
430,Jonathanstad,AL,26-35
431,Bennettchester,SD,18-25
432,North Christinaport,KS,26-35
433,Wangton,RI,36-45
434,West Kendra,CT,46-60
435,Taylorport,CA,36-45
436,East Daniel,WY,26-35
437,West Allenstad,WY,46-60
438,Monroeland,TX,46-60
439,New Christopher,MD,26-35
440,New Johnfort,VT,46-60
441,South Breannamouth,MT,46-60
442,Waltonport,NV,46-60
443,Timothyport,NE,26-35
444,East Jenny,KY,18-25
445,Johnnyview,CO,36-45
446,Roberttown,CO,36-45
447,Davidsonmouth,OH,26-35
448,New Josephport,ND,46-60
449,Jessicafurt,FL,26-35
450,South Michaelstad,TN,46-60
451,East Brittanytown,ND,18-25
452,South Travis,NV,46-60
453,Lake Ryanstad,ME,36-45
454,Ianside,NE,18-25
455,Lake John,VT,36-45
456,Amyport,MA,36-45
457,East Victoria,TX,26-35
458,South Paul,DE,36-45
459,New Tammy,AK,18-25
460,Owensland,MA,26-35
461,New Ronald,CT,26-35
462,Angelashire,TX,46-60
463,Warnerview,TN,46-60
464,Gomezfurt,AK,18-25
465,Brownfort,NY,18-25
466,Tylerborough,KY,26-35
467,South Gail,KS,36-45
468,New Sherryview,IN,26-35
469,Lake Franciscotown,GA,26-35
470,North Amy,GA,18-25
471,Kevinhaven,SD,18-25
472,South Tricia,NY,18-25
473,East Jessicafort,IA,46-60
474,Ayalamouth,KS,46-60
475,Reginaldburgh,PA,26-35
476,New William,WI,36-45
477,West Stephenfort,TX,46-60
478,Nunezchester,VT,36-45
479,Lake Donald,UT,26-35
480,Oliverside,ME,46-60
481,New Williamport,MO,26-35
482,Caldwellport,CA,36-45
483,Kirktown,GA,36-45
484,East James,CA,46-60
485,West Craig,AK,46-60
486,Hancockville,HI,36-45
487,Port Linda,MO,18-25
488,North Linda,NY,46-60
489,Bobbyville,NH,46-60
490,Gallowayberg,SC,36-45
491,Lake Ryanhaven,LA,18-25
492,East Samuel,CA,46-60
493,South Christopherview,DE,46-60
494,Ryanfort,SC,26-35
495,Tylerchester,AZ,18-25
496,Phillipshire,NM,36-45
497,Jacksonshire,AR,18-25
498,South Michelle,VA,36-45
499,Evansberg,MI,18-25
500,Lindsayside,MO,18-25
